sku,warehouse_id,quantity
('UNICORN_UNILEVER_010124_1783',144),9427.0
('UNICORN_UNILEVER_010124_1783',2379),7722.0
('UNICORN_UNILEVER_010124_1783',2671),8127.0
('UNICORN_UNILEVER_010124_1783',2720),3573.0
('UNICORN_UNILEVER_010124_7248',156),151.0
('UNICORN_UNILEVER_010124_7249',156),334.0
('UNICORN_UNILEVER_010124_7250',144),3579.0
('UNICORN_UNILEVER_010124_7250',156),3456.0
('UNICORN_UNILEVER_010124_7250',2379),529.0
('UNICORN_UNILEVER_010124_7250',2671),745.0
('UNICORN_UNILEVER_010124_7250',2720),804.0
('UNICORN_UNILEVER_010124_7250',3004),1275.0
('UNICORN_UNILEVER_011023_5231',2720),1e-05
('UNICORN_UNILEVER_011123_7710',144),1417.0
('UNICORN_UNILEVER_011123_7710',156),1342.0
('UNICORN_UNILEVER_011123_7710',2379),51.0
('UNICORN_UNILEVER_011123_7710',2720),1.0
('UNICORN_UNILEVER_011123_7711',2671),1.0
('UNICORN_UNILEVER_020324_1003',156),54.0
('UNICORN_UNILEVER_020324_1004',156),8602.0
('UNICORN_UNILEVER_020324_1004',2379),121.0
('UNICORN_UNILEVER_020324_1004',2671),75.0
('UNICORN_UNILEVER_020324_1004',2720),1452.0
('UNICORN_UNILEVER_020324_1004',3004),1405.0
('UNICORN_UNILEVER_020324_1005',144),1038.0
('UNICORN_UNILEVER_020324_1005',2379),118.0
('UNICORN_UNILEVER_020324_1005',2671),216.0
('UNICORN_UNILEVER_020324_1005',2720),1422.0
('UNICORN_UNILEVER_020923_0002',2379),127.0
('UNICORN_UNILEVER_020923_0002',2720),162.0
('UNICORN_UNILEVER_020923_0003',144),12.0
('UNICORN_UNILEVER_030224_6283',2379),376.0
('UNICORN_UNILEVER_030224_6283',2671),1347.0
('UNICORN_UNILEVER_030224_7186',2671),940.0
('UNICORN_UNILEVER_030224_7186',2720),3327.0
('UNICORN_UNILEVER_030224_7186',3004),535.0
('UNICORN_UNILEVER_030224_9115',144),1587.0
('UNICORN_UNILEVER_030224_9115',2379),19.0
('UNICORN_UNILEVER_030224_9115',2671),9873.0
('UNICORN_UNILEVER_030224_9115',2720),4491.0
('UNICORN_UNILEVER_031023_1002',2671),22.0
('UNICORN_UNILEVER_031023_1003',144),4.0
('UNICORN_UNILEVER_031023_1003',2379),33.0
('UNICORN_UNILEVER_031023_1003',2671),3.0
('UNICORN_UNILEVER_031023_1003',2720),46.0
('UNICORN_UNILEVER_031023_1005',2671),4.0
('UNICORN_UNILEVER_031023_1009',2720),1.0
('UNICORN_UNILEVER_031023_1010',2720),1.0
('UNICORN_UNILEVER_031223_0202',144),115.0
('UNICORN_UNILEVER_031223_0202',156),37.0
('UNICORN_UNILEVER_031223_0202',2671),18.0
('UNICORN_UNILEVER_031223_0202',2720),37.0
('UNICORN_UNILEVER_040224_1020',144),93.0
('UNICORN_UNILEVER_040224_1020',156),108.0
('UNICORN_UNILEVER_040224_1020',2671),36.0
('UNICORN_UNILEVER_040224_1020',3004),147.0
('UNICORN_UNILEVER_040224_1021',156),72.0
('UNICORN_UNILEVER_040224_1021',2671),72.0
('UNICORN_UNILEVER_040224_1021',3004),79.0
('UNICORN_UNILEVER_040224_1022',156),2376.0
('UNICORN_UNILEVER_040224_1022',2379),70.0
('UNICORN_UNILEVER_040224_1022',2671),238.0
('UNICORN_UNILEVER_040224_1022',3004),219.0
('UNICORN_UNILEVER_040324_3351',3004),9205.0
('UNICORN_UNILEVER_041223_8629',2671),76.0
('UNICORN_UNILEVER_050224_0002',144),2062.0
('UNICORN_UNILEVER_050224_0002',156),4752.0
('UNICORN_UNILEVER_050224_0002',2379),1539.0
('UNICORN_UNILEVER_050224_0002',2671),1903.0
('UNICORN_UNILEVER_050224_0002',3004),339.0
('UNICORN_UNILEVER_050324_6827',3004),193656.0
('UNICORN_UNILEVER_050324_6828',3004),13117.0
('UNICORN_UNILEVER_050723_9922',144),3349.0
('UNICORN_UNILEVER_050723_9922',156),1291.0
('UNICORN_UNILEVER_050723_9923',144),1030.0
('UNICORN_UNILEVER_050723_9923',156),1482.0
('UNICORN_UNILEVER_050723_9923',2379),7.0
('UNICORN_UNILEVER_050723_9924',144),37.0
('UNICORN_UNILEVER_050723_9924',2379),10.0
('UNICORN_UNILEVER_050723_9924',2720),1.0
('UNICORN_UNILEVER_050723_9925',144),1.0
('UNICORN_UNILEVER_050723_9925',2671),2.0
('UNICORN_UNILEVER_050723_9926',144),199.0
('UNICORN_UNILEVER_050723_9926',156),49.0
('UNICORN_UNILEVER_050723_9926',2671),195.0
('UNICORN_UNILEVER_050723_9926',2720),186.0
('UNICORN_UNILEVER_050723_9928',144),1.0
('UNICORN_UNILEVER_050723_9928',2671),3.0
('UNICORN_UNILEVER_050723_9929',144),29.0
('UNICORN_UNILEVER_050723_9929',2379),9.0
('UNICORN_UNILEVER_050723_9929',2671),7.0
('UNICORN_UNILEVER_050723_9929',2720),3.0
('UNICORN_UNILEVER_050723_9930',144),1.0
('UNICORN_UNILEVER_050723_9931',144),1.0
('UNICORN_UNILEVER_050723_9931',2671),5.0
('UNICORN_UNILEVER_050723_9931',2720),4.0
('UNICORN_UNILEVER_050723_9932',2671),21.0
('UNICORN_UNILEVER_050723_9932',2720),1e-05
('UNICORN_UNILEVER_060124_0001',144),28.0
('UNICORN_UNILEVER_060124_0001',156),136.0
('UNICORN_UNILEVER_060124_0002',156),403.0
('UNICORN_UNILEVER_060124_0002',2379),219.0
('UNICORN_UNILEVER_060124_0002',2671),93.0
('UNICORN_UNILEVER_060124_0002',3004),76.0
('UNICORN_UNILEVER_060124_0003',144),270.0
('UNICORN_UNILEVER_060124_0003',156),115.0
('UNICORN_UNILEVER_060124_0003',2379),40.0
('UNICORN_UNILEVER_060124_0003',2671),19.0
('UNICORN_UNILEVER_060124_0004',144),3.0
('UNICORN_UNILEVER_060124_0004',156),9.0
('UNICORN_UNILEVER_060124_0005',144),3019.0
('UNICORN_UNILEVER_060124_0005',156),5031.0
('UNICORN_UNILEVER_060124_0005',2379),6283.0
('UNICORN_UNILEVER_060124_0005',2671),633.0
('UNICORN_UNILEVER_060124_0005',2720),1981.0
('UNICORN_UNILEVER_060124_0007',144),6621.0
('UNICORN_UNILEVER_060124_0007',156),7029.0
('UNICORN_UNILEVER_060124_0007',2379),3673.0
('UNICORN_UNILEVER_060124_0007',2671),4428.0
('UNICORN_UNILEVER_060124_0007',2720),2403.0
('UNICORN_UNILEVER_060124_0007',3004),1653.0
('UNICORN_UNILEVER_060124_0011',156),828.0
('UNICORN_UNILEVER_060124_0011',2671),109.0
('UNICORN_UNILEVER_060124_0011',2720),37.0
('UNICORN_UNILEVER_060124_0011',3004),18.0
('UNICORN_UNILEVER_060124_0012',144),40.0
('UNICORN_UNILEVER_060124_0012',156),34.0
('UNICORN_UNILEVER_060124_0012',3004),21.0
('UNICORN_UNILEVER_060124_0013',156),993.0
('UNICORN_UNILEVER_060124_0015',144),9036.0
('UNICORN_UNILEVER_060124_0015',156),21505.0
('UNICORN_UNILEVER_060124_0015',2379),1354.0
('UNICORN_UNILEVER_060124_0015',2671),1776.0
('UNICORN_UNILEVER_060124_8888',156),70.0
('UNICORN_UNILEVER_060124_8888',3004),27.0
('UNICORN_UNILEVER_060124_8889',144),15.0
('UNICORN_UNILEVER_060124_8889',2379),1.0
('UNICORN_UNILEVER_060124_8890',144),382.0
('UNICORN_UNILEVER_060124_8890',156),562.0
('UNICORN_UNILEVER_060124_8890',2379),72.0
('UNICORN_UNILEVER_060124_8890',2671),69.0
('UNICORN_UNILEVER_060124_8891',144),738.0
('UNICORN_UNILEVER_060124_8891',156),1119.0
('UNICORN_UNILEVER_060124_8891',2379),391.0
('UNICORN_UNILEVER_060124_8891',2671),148.0
('UNICORN_UNILEVER_060124_8891',2720),112.0
('UNICORN_UNILEVER_060124_8892',144),127.0
('UNICORN_UNILEVER_060124_8892',156),715.0
('UNICORN_UNILEVER_060124_8892',2379),36.0
('UNICORN_UNILEVER_060124_8892',2671),54.0
('UNICORN_UNILEVER_060124_8892',2720),102.0
('UNICORN_UNILEVER_060124_8893',144),144.0
('UNICORN_UNILEVER_060124_8893',156),84.0
('UNICORN_UNILEVER_060124_8893',2379),25.0
('UNICORN_UNILEVER_060124_8894',144),208.0
('UNICORN_UNILEVER_060124_8894',156),801.0
('UNICORN_UNILEVER_060124_8894',2379),324.0
('UNICORN_UNILEVER_060124_8894',2671),192.0
('UNICORN_UNILEVER_060124_8894',3004),102.0
('UNICORN_UNILEVER_060124_8895',144),292.0
('UNICORN_UNILEVER_060124_8895',2379),102.0
('UNICORN_UNILEVER_060124_8896',144),25.0
('UNICORN_UNILEVER_060124_8896',2379),22.0
('UNICORN_UNILEVER_060124_8897',144),204.0
('UNICORN_UNILEVER_060124_8897',2379),6.0
('UNICORN_UNILEVER_060124_8897',2671),73.0
('UNICORN_UNILEVER_060124_8898',156),180.0
('UNICORN_UNILEVER_060124_8898',2720),91.0
('UNICORN_UNILEVER_060124_8898',3004),123.0
('UNICORN_UNILEVER_060124_8899',144),19.0
('UNICORN_UNILEVER_060124_8899',156),61.0
('UNICORN_UNILEVER_060124_8899',2671),10.0
('UNICORN_UNILEVER_060124_8900',156),196.0
('UNICORN_UNILEVER_060124_8900',2379),46.0
('UNICORN_UNILEVER_060124_8900',3004),1.0
('UNICORN_UNILEVER_060124_8901',144),637.0
('UNICORN_UNILEVER_060124_8901',156),123.0
('UNICORN_UNILEVER_060124_8901',2379),417.0
('UNICORN_UNILEVER_060124_8901',2671),432.0
('UNICORN_UNILEVER_060124_8909',144),2661.0
('UNICORN_UNILEVER_060124_8909',156),8073.0
('UNICORN_UNILEVER_060124_8909',2379),7786.0
('UNICORN_UNILEVER_060124_8909',2671),1954.0
('UNICORN_UNILEVER_060124_8909',2720),1615.0
('UNICORN_UNILEVER_060124_8909',3004),6096.0
('UNICORN_UNILEVER_060124_9448',144),196.0
('UNICORN_UNILEVER_060124_9448',156),358.0
('UNICORN_UNILEVER_060124_9448',2379),1.0
('UNICORN_UNILEVER_0601_2002',144),17146.0
('UNICORN_UNILEVER_0601_2002',156),17550.0
('UNICORN_UNILEVER_0601_2002',2379),1029.0
('UNICORN_UNILEVER_0601_2002',2671),2754.0
('UNICORN_UNILEVER_0601_2004',144),3855.0
('UNICORN_UNILEVER_0601_2004',156),17715.0
('UNICORN_UNILEVER_0601_2004',2379),99.0
('UNICORN_UNILEVER_0601_2004',2671),715.0
('UNICORN_UNILEVER_0601_2004',2720),220.0
('UNICORN_UNILEVER_0601_2005',144),30067.0
('UNICORN_UNILEVER_0601_2005',156),15187.0
('UNICORN_UNILEVER_0601_2005',2379),2448.0
('UNICORN_UNILEVER_0601_2005',2671),9483.0
('UNICORN_UNILEVER_0601_2005',2720),4531.0
('UNICORN_UNILEVER_0601_2006',144),4810.0
('UNICORN_UNILEVER_0601_2006',2379),247.0
('UNICORN_UNILEVER_0601_2006',2671),333.0
('UNICORN_UNILEVER_0601_2006',2720),2094.0
('UNICORN_UNILEVER_0601_2007',144),11181.0
('UNICORN_UNILEVER_0601_2007',156),39940.0
('UNICORN_UNILEVER_0601_2007',2379),973.0
('UNICORN_UNILEVER_0601_2007',2671),6717.0
('UNICORN_UNILEVER_0601_2007',2720),2547.0
('UNICORN_UNILEVER_0601_2007',3004),1528.0
('UNICORN_UNILEVER_0601_2008',144),10438.0
('UNICORN_UNILEVER_0601_2008',156),9694.0
('UNICORN_UNILEVER_0601_2008',2379),4632.0
('UNICORN_UNILEVER_0601_2008',2720),775.0
('UNICORN_UNILEVER_0601_2009',144),2410.0
('UNICORN_UNILEVER_0601_2009',156),1789.0
('UNICORN_UNILEVER_0601_2009',2379),6.0
('UNICORN_UNILEVER_0601_2009',2720),177.0
('UNICORN_UNILEVER_0601_2009',3004),184.0
('UNICORN_UNILEVER_0601_2010',144),112.0
('UNICORN_UNILEVER_0601_2010',156),1513.0
('UNICORN_UNILEVER_0601_2010',2379),175.0
('UNICORN_UNILEVER_0601_2011',2671),207.0
('UNICORN_UNILEVER_0601_2011',2720),93.0
('UNICORN_UNILEVER_0601_2011',3004),31.0
('UNICORN_UNILEVER_0601_2012',144),180.0
('UNICORN_UNILEVER_0601_2012',2671),6.0
('UNICORN_UNILEVER_0601_2012',2720),118.0
('UNICORN_UNILEVER_0601_2013',144),2094.0
('UNICORN_UNILEVER_0601_2013',156),4989.0
('UNICORN_UNILEVER_0601_2013',2671),378.0
('UNICORN_UNILEVER_0601_2013',2720),517.0
('UNICORN_UNILEVER_0601_2013',3004),792.0
('UNICORN_UNILEVER_0601_2014',144),31116.0
('UNICORN_UNILEVER_0601_2014',156),168955.0
('UNICORN_UNILEVER_0601_2014',2379),529.0
('UNICORN_UNILEVER_0601_2014',2671),3189.0
('UNICORN_UNILEVER_0601_2014',2720),2958.0
('UNICORN_UNILEVER_0601_2015',144),16033.0
('UNICORN_UNILEVER_0601_2015',156),32400.0
('UNICORN_UNILEVER_0601_2015',2379),52444.0
('UNICORN_UNILEVER_0601_2015',2671),72912.0
('UNICORN_UNILEVER_0601_2015',2720),79630.0
('UNICORN_UNILEVER_0601_2016',144),401901.0
('UNICORN_UNILEVER_0601_2016',156),197278.0
('UNICORN_UNILEVER_0601_2016',2379),46305.0
('UNICORN_UNILEVER_0601_2016',2671),182547.0
('UNICORN_UNILEVER_0601_2016',2720),90372.0
('UNICORN_UNILEVER_0601_2016',3004),4752.0
('UNICORN_UNILEVER_0601_2017',2379),3133.0
('UNICORN_UNILEVER_0601_2017',2671),162.0
('UNICORN_UNILEVER_0601_2017',2720),5382.0
('UNICORN_UNILEVER_0601_2018',144),475.0
('UNICORN_UNILEVER_0601_2018',156),666.0
('UNICORN_UNILEVER_0601_2018',2379),190.0
('UNICORN_UNILEVER_0601_2018',2671),133.0
('UNICORN_UNILEVER_0601_2018',2720),103.0
('UNICORN_UNILEVER_0601_2018',3004),79.0
('UNICORN_UNILEVER_0601_2019',2379),52074.0
('UNICORN_UNILEVER_0601_2019',2671),459.0
('UNICORN_UNILEVER_0601_2020',144),555.0
('UNICORN_UNILEVER_0601_2020',156),1272.0
('UNICORN_UNILEVER_0601_2020',2379),531.0
('UNICORN_UNILEVER_0601_2020',2671),222.0
('UNICORN_UNILEVER_0601_2020',2720),144.0
('UNICORN_UNILEVER_0601_2020',3004),141.0
('UNICORN_UNILEVER_0601_2021',144),54.0
('UNICORN_UNILEVER_0601_2021',2720),1848.0
('UNICORN_UNILEVER_0601_2022',144),1051.0
('UNICORN_UNILEVER_0601_2022',156),2998.0
('UNICORN_UNILEVER_0601_2022',2379),40.0
('UNICORN_UNILEVER_0601_2022',2671),208.0
('UNICORN_UNILEVER_0601_2022',2720),22.0
('UNICORN_UNILEVER_0601_2023',144),51078.0
('UNICORN_UNILEVER_0601_2023',156),15781.0
('UNICORN_UNILEVER_0601_2023',2379),4216.0
('UNICORN_UNILEVER_0601_2023',2671),27906.0
('UNICORN_UNILEVER_0601_2023',2720),14644.0
('UNICORN_UNILEVER_0601_2023',3004),9084.0
('UNICORN_UNILEVER_0601_2024',144),8934.0
('UNICORN_UNILEVER_0601_2024',156),11010.0
('UNICORN_UNILEVER_0601_2024',2379),3042.0
('UNICORN_UNILEVER_0601_2024',2671),5853.0
('UNICORN_UNILEVER_0601_2024',2720),4542.0
('UNICORN_UNILEVER_0601_2024',3004),954.0
('UNICORN_UNILEVER_0601_2026',3004),3.0
('UNICORN_UNILEVER_0601_2028',144),366.0
('UNICORN_UNILEVER_0601_2028',2671),33.0
('UNICORN_UNILEVER_0601_2029',144),513.0
('UNICORN_UNILEVER_0601_2029',156),1114.0
('UNICORN_UNILEVER_0601_2029',2379),85.0
('UNICORN_UNILEVER_0601_2029',2671),132.0
('UNICORN_UNILEVER_0601_2029',2720),42.0
('UNICORN_UNILEVER_0601_2030',144),688.0
('UNICORN_UNILEVER_0601_2030',156),237.0
('UNICORN_UNILEVER_0601_2030',2720),1368.0
('UNICORN_UNILEVER_0601_2031',144),667.0
('UNICORN_UNILEVER_0601_2031',156),99.0
('UNICORN_UNILEVER_0601_2031',2379),307.0
('UNICORN_UNILEVER_0601_2031',2671),1.0
('UNICORN_UNILEVER_0601_2031',2720),76.0
('UNICORN_UNILEVER_0601_2032',144),3330.0
('UNICORN_UNILEVER_0601_2032',156),6415.0
('UNICORN_UNILEVER_0601_2032',2379),4644.0
('UNICORN_UNILEVER_0601_2032',2671),6583.0
('UNICORN_UNILEVER_0601_2032',2720),1108.0
('UNICORN_UNILEVER_0601_2033',144),46.0
('UNICORN_UNILEVER_0601_2033',2379),115.0
('UNICORN_UNILEVER_0601_2033',2671),85.0
('UNICORN_UNILEVER_0601_2034',144),1170.0
('UNICORN_UNILEVER_0601_2034',2379),3513.0
('UNICORN_UNILEVER_0601_2034',3004),4725.0
('UNICORN_UNILEVER_0601_2035',144),90.0
('UNICORN_UNILEVER_0601_2035',2671),165.0
('UNICORN_UNILEVER_0601_2035',2720),36.0
('UNICORN_UNILEVER_0601_2036',144),441.0
('UNICORN_UNILEVER_0601_2036',156),3463.0
('UNICORN_UNILEVER_0601_2036',2379),1344.0
('UNICORN_UNILEVER_0601_2036',2671),961.0
('UNICORN_UNILEVER_0601_2036',2720),2616.0
('UNICORN_UNILEVER_0601_2038',144),1755.0
('UNICORN_UNILEVER_0601_2038',156),2734.0
('UNICORN_UNILEVER_0601_2038',2379),453.0
('UNICORN_UNILEVER_0601_2038',2671),4434.0
('UNICORN_UNILEVER_0601_2038',2720),1249.0
('UNICORN_UNILEVER_0601_2038',3004),1780.0
('UNICORN_UNILEVER_0601_2039',144),1800.0
('UNICORN_UNILEVER_0601_2039',156),3382.0
('UNICORN_UNILEVER_0601_2039',2379),960.0
('UNICORN_UNILEVER_0601_2039',2671),5298.0
('UNICORN_UNILEVER_0601_2039',2720),2893.0
('UNICORN_UNILEVER_0601_2039',3004),1848.0
('UNICORN_UNILEVER_0601_2040',144),103.0
('UNICORN_UNILEVER_0601_2040',2671),213.0
('UNICORN_UNILEVER_0601_2040',2720),90.0
('UNICORN_UNILEVER_0601_2042',144),4005.0
('UNICORN_UNILEVER_0601_2042',156),26197.0
('UNICORN_UNILEVER_0601_2042',2379),16954.0
('UNICORN_UNILEVER_0601_2042',2671),3516.0
('UNICORN_UNILEVER_0601_2042',2720),2592.0
('UNICORN_UNILEVER_0601_2042',3004),432.0
('UNICORN_UNILEVER_0601_2043',144),4174.0
('UNICORN_UNILEVER_0601_2043',156),2562.0
('UNICORN_UNILEVER_0601_2043',2379),1900.0
('UNICORN_UNILEVER_0601_2043',2671),1650.0
('UNICORN_UNILEVER_0601_2043',2720),4249.0
('UNICORN_UNILEVER_0601_2043',3004),189.0
('UNICORN_UNILEVER_0601_2044',144),1620.0
('UNICORN_UNILEVER_0601_2044',156),3240.0
('UNICORN_UNILEVER_0601_2044',2379),4966.0
('UNICORN_UNILEVER_0601_2044',2671),1056.0
('UNICORN_UNILEVER_0601_2044',2720),4884.0
('UNICORN_UNILEVER_0601_2044',3004),540.0
('UNICORN_UNILEVER_0601_2046',144),15835.0
('UNICORN_UNILEVER_0601_2046',156),15580.0
('UNICORN_UNILEVER_0601_2046',2379),1249.0
('UNICORN_UNILEVER_0601_2046',2671),10744.0
('UNICORN_UNILEVER_0601_2046',2720),3199.0
('UNICORN_UNILEVER_0601_2046',3004),769.0
('UNICORN_UNILEVER_0601_2047',144),14451.0
('UNICORN_UNILEVER_0601_2047',156),44400.0
('UNICORN_UNILEVER_0601_2047',2379),10455.0
('UNICORN_UNILEVER_0601_2047',2671),11071.0
('UNICORN_UNILEVER_0601_2047',2720),4309.0
('UNICORN_UNILEVER_0601_2047',3004),2182.0
('UNICORN_UNILEVER_0601_2048',144),235.0
('UNICORN_UNILEVER_0601_2048',156),973.0
('UNICORN_UNILEVER_0601_2048',2379),982.0
('UNICORN_UNILEVER_0601_2049',144),9747.0
('UNICORN_UNILEVER_0601_2049',156),7015.0
('UNICORN_UNILEVER_0601_2049',2379),2818.0
('UNICORN_UNILEVER_0601_2049',2671),4156.0
('UNICORN_UNILEVER_0601_2049',2720),2434.0
('UNICORN_UNILEVER_0601_2049',3004),1725.0
('UNICORN_UNILEVER_0601_2052',144),535.0
('UNICORN_UNILEVER_0601_2052',156),460.0
('UNICORN_UNILEVER_0601_2052',2379),63.0
('UNICORN_UNILEVER_0601_2052',2671),192.0
('UNICORN_UNILEVER_0601_2053',144),133.0
('UNICORN_UNILEVER_0601_2053',156),330.0
('UNICORN_UNILEVER_0601_2053',2379),73.0
('UNICORN_UNILEVER_0601_2053',2671),85.0
('UNICORN_UNILEVER_0601_2053',3004),48.0
('UNICORN_UNILEVER_0601_2054',144),364.0
('UNICORN_UNILEVER_0601_2054',156),331.0
('UNICORN_UNILEVER_0601_2054',2379),174.0
('UNICORN_UNILEVER_0601_2054',2671),243.0
('UNICORN_UNILEVER_0601_2054',3004),255.0
('UNICORN_UNILEVER_0601_2057',144),303.0
('UNICORN_UNILEVER_0601_2057',156),625.0
('UNICORN_UNILEVER_0601_2057',2379),201.0
('UNICORN_UNILEVER_0601_2057',2671),31.0
('UNICORN_UNILEVER_0601_2057',2720),58.0
('UNICORN_UNILEVER_0601_2057',3004),73.0
('UNICORN_UNILEVER_0601_2058',144),100.0
('UNICORN_UNILEVER_0601_2058',156),255.0
('UNICORN_UNILEVER_0601_2058',2379),132.0
('UNICORN_UNILEVER_0601_2058',2671),69.0
('UNICORN_UNILEVER_0601_2058',3004),82.0
('UNICORN_UNILEVER_0601_2059',144),6426.0
('UNICORN_UNILEVER_0601_2059',156),13468.0
('UNICORN_UNILEVER_0601_2059',2379),2173.0
('UNICORN_UNILEVER_0601_2059',2671),3733.0
('UNICORN_UNILEVER_0601_2059',3004),3960.0
('UNICORN_UNILEVER_0601_2060',144),34.0
('UNICORN_UNILEVER_0601_2060',156),252.0
('UNICORN_UNILEVER_0601_2060',2671),3.0
('UNICORN_UNILEVER_0601_2061',144),82.0
('UNICORN_UNILEVER_0601_2061',156),220.0
('UNICORN_UNILEVER_0601_2061',2671),1.0
('UNICORN_UNILEVER_0601_2062',2720),75.0
('UNICORN_UNILEVER_0601_2063',144),53593.0
('UNICORN_UNILEVER_0601_2063',2379),11833.0
('UNICORN_UNILEVER_0601_2063',2671),16897.0
('UNICORN_UNILEVER_0601_2063',2720),23044.0
('UNICORN_UNILEVER_0601_2063',3004),900.0
('UNICORN_UNILEVER_0601_2064',144),21609.0
('UNICORN_UNILEVER_0601_2064',2379),1512.0
('UNICORN_UNILEVER_060224_4725',156),1363.0
('UNICORN_UNILEVER_060224_4725',2379),2610.0
('UNICORN_UNILEVER_060224_4725',2720),1050.0
('UNICORN_UNILEVER_060224_4725',3004),360.0
('UNICORN_UNILEVER_060324_1302',156),180.0
('UNICORN_UNILEVER_060324_1304',156),6.0
('UNICORN_UNILEVER_060324_4926',2671),129.0
('UNICORN_UNILEVER_060324_4926',2720),72.0
('UNICORN_UNILEVER_060324_8179',2671),7470.0
('UNICORN_UNILEVER_060324_8179',2720),3708.0
('UNICORN_UNILEVER_060324_8179',3004),2253.0
('UNICORN_UNILEVER_070224_1001',144),70.0
('UNICORN_UNILEVER_070224_1001',156),2700.0
('UNICORN_UNILEVER_070324_2950',144),55.0
('UNICORN_UNILEVER_070324_2950',2671),312.0
('UNICORN_UNILEVER_070324_2951',2671),124.0
('UNICORN_UNILEVER_070324_7223',3004),199.0
('UNICORN_UNILEVER_070324_7224',3004),165.0
('UNICORN_UNILEVER_070324_7225',3004),3.0
('UNICORN_UNILEVER_070324_7226',2671),4.0
('UNICORN_UNILEVER_070324_7226',3004),16.0
('UNICORN_UNILEVER_070324_7227',3004),108.0
('UNICORN_UNILEVER_070324_7228',3004),201.0
('UNICORN_UNILEVER_070324_7229',3004),9.0
('UNICORN_UNILEVER_070324_7230',3004),106.0
('UNICORN_UNILEVER_070324_7231',3004),4.0
('UNICORN_UNILEVER_070823_0002',2671),2.0
('UNICORN_UNILEVER_070823_0002',2720),5.0
('UNICORN_UNILEVER_070823_0004',2671),1.0
('UNICORN_UNILEVER_070823_0005',144),3.0
('UNICORN_UNILEVER_070823_0006',144),5061.0
('UNICORN_UNILEVER_070823_0008',156),30.0
('UNICORN_UNILEVER_070823_0009',2671),2904.0
('UNICORN_UNILEVER_070823_0009',2720),45.0
('UNICORN_UNILEVER_070823_0010',144),3.0
('UNICORN_UNILEVER_070823_0010',2671),1.0
('UNICORN_UNILEVER_070823_1203',144),52863.0
('UNICORN_UNILEVER_070823_1203',2720),61.0
('UNICORN_UNILEVER_080124_0009',144),6067.0
('UNICORN_UNILEVER_080124_0009',2379),4906.0
('UNICORN_UNILEVER_080124_0009',2720),7560.0
('UNICORN_UNILEVER_080124_0011',144),216.0
('UNICORN_UNILEVER_080124_0011',2671),205.0
('UNICORN_UNILEVER_080124_0012',144),172.0
('UNICORN_UNILEVER_080124_0012',156),216.0
('UNICORN_UNILEVER_080124_0012',2379),28.0
('UNICORN_UNILEVER_080124_0012',3004),10.0
('UNICORN_UNILEVER_080124_0013',144),9.0
('UNICORN_UNILEVER_080124_0014',3004),1465.0
('UNICORN_UNILEVER_080124_0015',144),138.0
('UNICORN_UNILEVER_080124_0015',156),1098.0
('UNICORN_UNILEVER_080124_0015',3004),114.0
('UNICORN_UNILEVER_080124_0016',144),2565.0
('UNICORN_UNILEVER_080124_0016',156),3595.0
('UNICORN_UNILEVER_080124_0016',2379),1606.0
('UNICORN_UNILEVER_080124_0016',2671),2230.0
('UNICORN_UNILEVER_080124_0016',2720),568.0
('UNICORN_UNILEVER_080124_0016',3004),385.0
('UNICORN_UNILEVER_080124_0019',144),72.0
('UNICORN_UNILEVER_080124_0019',156),252.0
('UNICORN_UNILEVER_080124_1887',144),73.0
('UNICORN_UNILEVER_080124_1887',2379),1.0
('UNICORN_UNILEVER_080124_1887',2671),67.0
('UNICORN_UNILEVER_080124_1887',2720),354.0
('UNICORN_UNILEVER_080124_1888',156),951.0
('UNICORN_UNILEVER_080124_1888',3004),105.0
('UNICORN_UNILEVER_080124_1889',144),99.0
('UNICORN_UNILEVER_080124_1889',156),91.0
('UNICORN_UNILEVER_080124_1889',2671),36.0
('UNICORN_UNILEVER_080124_1889',2720),21.0
('UNICORN_UNILEVER_080124_3331',2720),1081.0
('UNICORN_UNILEVER_080124_3334',2720),6.0
('UNICORN_UNILEVER_080124_3335',144),417.0
('UNICORN_UNILEVER_080124_3335',2379),16.0
('UNICORN_UNILEVER_080124_3335',2671),306.0
('UNICORN_UNILEVER_080124_3335',2720),84.0
('UNICORN_UNILEVER_080124_3335',3004),49.0
('UNICORN_UNILEVER_080124_3341',144),274.0
('UNICORN_UNILEVER_080124_3341',156),499.0
('UNICORN_UNILEVER_080124_3341',2379),108.0
('UNICORN_UNILEVER_080124_3341',2671),73.0
('UNICORN_UNILEVER_080124_3341',2720),127.0
('UNICORN_UNILEVER_080124_3341',3004),39.0
('UNICORN_UNILEVER_080124_6389',144),231.0
('UNICORN_UNILEVER_080124_6389',156),378.0
('UNICORN_UNILEVER_080124_6389',2671),129.0
('UNICORN_UNILEVER_080124_6390',144),1008.0
('UNICORN_UNILEVER_080124_6390',2379),114.0
('UNICORN_UNILEVER_080124_6390',2671),72.0
('UNICORN_UNILEVER_080124_6391',144),5622.0
('UNICORN_UNILEVER_080124_6391',156),2572.0
('UNICORN_UNILEVER_080124_6391',2379),13239.0
('UNICORN_UNILEVER_080124_6391',2671),4525.0
('UNICORN_UNILEVER_080124_6391',2720),5301.0
('UNICORN_UNILEVER_080124_6391',3004),7275.0
('UNICORN_UNILEVER_080124_6392',144),13474.0
('UNICORN_UNILEVER_080124_6392',156),8242.0
('UNICORN_UNILEVER_080124_6392',2379),7627.0
('UNICORN_UNILEVER_080124_6392',2671),13407.0
('UNICORN_UNILEVER_080124_6392',2720),8902.0
('UNICORN_UNILEVER_080124_6393',156),360.0
('UNICORN_UNILEVER_080124_6393',2671),99.0
('UNICORN_UNILEVER_080124_6393',2720),121.0
('UNICORN_UNILEVER_080124_6394',156),205.0
('UNICORN_UNILEVER_080124_6394',3004),18.0
('UNICORN_UNILEVER_080124_6395',156),97.0
('UNICORN_UNILEVER_080124_6396',144),250.0
('UNICORN_UNILEVER_080124_6396',156),342.0
('UNICORN_UNILEVER_080124_6396',2671),103.0
('UNICORN_UNILEVER_080124_6397',2671),48.0
('UNICORN_UNILEVER_080124_6398',144),435.0
('UNICORN_UNILEVER_080124_6398',156),1258.0
('UNICORN_UNILEVER_080124_6398',2379),768.0
('UNICORN_UNILEVER_080124_6398',2671),304.0
('UNICORN_UNILEVER_080124_6398',2720),348.0
('UNICORN_UNILEVER_080124_6398',3004),256.0
('UNICORN_UNILEVER_080124_6400',144),379.0
('UNICORN_UNILEVER_080124_6400',156),693.0
('UNICORN_UNILEVER_080124_6400',2379),127.0
('UNICORN_UNILEVER_080124_6400',2671),133.0
('UNICORN_UNILEVER_080124_6400',2720),85.0
('UNICORN_UNILEVER_080124_6400',3004),48.0
('UNICORN_UNILEVER_080124_6401',144),214.0
('UNICORN_UNILEVER_080124_6401',3004),34.0
('UNICORN_UNILEVER_080124_6402',156),35511.0
('UNICORN_UNILEVER_080124_6402',2379),5151.0
('UNICORN_UNILEVER_080124_6402',2671),12451.0
('UNICORN_UNILEVER_080124_6402',2720),205.0
('UNICORN_UNILEVER_080124_6403',144),45538.0
('UNICORN_UNILEVER_080124_6403',156),56469.0
('UNICORN_UNILEVER_080124_6403',2379),31542.0
('UNICORN_UNILEVER_080124_6403',2671),18549.0
('UNICORN_UNILEVER_080124_6403',2720),21544.0
('UNICORN_UNILEVER_080124_6404',144),15957.0
('UNICORN_UNILEVER_080124_6404',156),20146.0
('UNICORN_UNILEVER_080124_6404',2379),6978.0
('UNICORN_UNILEVER_080124_6404',2671),13609.0
('UNICORN_UNILEVER_080124_6404',2720),5253.0
('UNICORN_UNILEVER_080124_6405',144),111.0
('UNICORN_UNILEVER_080124_6405',156),480.0
('UNICORN_UNILEVER_080124_6405',2379),76.0
('UNICORN_UNILEVER_080124_6405',2671),678.0
('UNICORN_UNILEVER_080124_6405',2720),216.0
('UNICORN_UNILEVER_080124_6406',144),4242.0
('UNICORN_UNILEVER_080124_6406',156),2122.0
('UNICORN_UNILEVER_080124_6406',2379),306.0
('UNICORN_UNILEVER_080124_6406',2671),444.0
('UNICORN_UNILEVER_080124_6406',2720),1188.0
('UNICORN_UNILEVER_080124_6407',144),1512.0
('UNICORN_UNILEVER_080124_6407',2379),6627.0
('UNICORN_UNILEVER_080124_6407',2671),54490.0
('UNICORN_UNILEVER_080124_6407',2720),11220.0
('UNICORN_UNILEVER_080224_1020',2671),63.0
('UNICORN_UNILEVER_080224_1021',144),8973.0
('UNICORN_UNILEVER_080224_1021',156),26136.0
('UNICORN_UNILEVER_080224_1021',2379),8115.0
('UNICORN_UNILEVER_080224_1021',2671),6109.0
('UNICORN_UNILEVER_080224_1021',2720),85.0
('UNICORN_UNILEVER_080224_1021',3004),54.0
('UNICORN_UNILEVER_080224_1022',144),2688.0
('UNICORN_UNILEVER_080224_1022',156),1512.0
('UNICORN_UNILEVER_080224_1022',2379),4537.0
('UNICORN_UNILEVER_080224_1022',2671),1224.0
('UNICORN_UNILEVER_080224_1022',2720),3342.0
('UNICORN_UNILEVER_080224_1022',3004),865.0
('UNICORN_UNILEVER_080224_1023',144),3.0
('UNICORN_UNILEVER_080224_1023',2671),1.0
('UNICORN_UNILEVER_080224_1024',144),363.0
('UNICORN_UNILEVER_080224_1024',156),1440.0
('UNICORN_UNILEVER_080224_1024',2379),711.0
('UNICORN_UNILEVER_080224_1024',2671),91.0
('UNICORN_UNILEVER_080224_1025',144),4093.0
('UNICORN_UNILEVER_080224_1025',156),1482.0
('UNICORN_UNILEVER_080224_1025',2379),1080.0
('UNICORN_UNILEVER_080224_1025',2671),4548.0
('UNICORN_UNILEVER_080224_1025',2720),708.0
('UNICORN_UNILEVER_080224_1026',144),21106.0
('UNICORN_UNILEVER_080224_1026',156),51552.0
('UNICORN_UNILEVER_080224_1026',2379),543.0
('UNICORN_UNILEVER_080224_1026',2671),13056.0
('UNICORN_UNILEVER_080224_1026',2720),2896.0
('UNICORN_UNILEVER_080224_1026',3004),3480.0
('UNICORN_UNILEVER_080224_1027',156),7.0
('UNICORN_UNILEVER_080224_1027',2671),4.0
('UNICORN_UNILEVER_081123_5914',144),13.0
('UNICORN_UNILEVER_081123_5914',156),16.0
('UNICORN_UNILEVER_081123_7033',2379),1e-05
('UNICORN_UNILEVER_081123_7034',156),88.0
('UNICORN_UNILEVER_081123_7034',2379),22.0
('UNICORN_UNILEVER_081123_7034',2671),36.0
('UNICORN_UNILEVER_081123_7034',2720),22.0
('UNICORN_UNILEVER_090324_6227',2720),5778.0
('UNICORN_UNILEVER_090324_7133',144),184.0
('UNICORN_UNILEVER_090324_7133',2671),180.0
('UNICORN_UNILEVER_091023_1020',156),1783629.0
('UNICORN_UNILEVER_091023_1020',2671),793.0
('UNICORN_UNILEVER_091023_1021',144),921.0
('UNICORN_UNILEVER_091023_1021',2379),406.0
('UNICORN_UNILEVER_091023_1021',2671),915.0
('UNICORN_UNILEVER_091023_1021',2720),1050.0
('UNICORN_UNILEVER_091023_1022',2720),7.0
('UNICORN_UNILEVER_091023_1222',2720),3.0
('UNICORN_UNILEVER_091123_4406',144),1549.0
('UNICORN_UNILEVER_091123_4406',2379),175.0
('UNICORN_UNILEVER_091223_0031',144),385.0
('UNICORN_UNILEVER_091223_0031',2720),66.0
('UNICORN_UNILEVER_091223_0032',2671),36.0
('UNICORN_UNILEVER_091223_0034',144),3.0
('UNICORN_UNILEVER_091223_5929',144),7.0
('UNICORN_UNILEVER_091223_5929',2720),1.0
('UNICORN_UNILEVER_091223_5930',144),12.0
('UNICORN_UNILEVER_091223_5931',156),13612.0
('UNICORN_UNILEVER_091223_5932',2671),154.0
('UNICORN_UNILEVER_091223_5933',144),49.0
('UNICORN_UNILEVER_091223_5933',156),3.0
('UNICORN_UNILEVER_091223_5933',2720),15.0
('UNICORN_UNILEVER_091223_9302',2671),81.0
('UNICORN_UNILEVER_100124_1224',144),7330.0
('UNICORN_UNILEVER_100124_1224',156),9213.0
('UNICORN_UNILEVER_100124_1224',2379),6529.0
('UNICORN_UNILEVER_100124_1224',2671),5826.0
('UNICORN_UNILEVER_100124_1224',2720),5784.0
('UNICORN_UNILEVER_100124_1224',3004),1594.0
('UNICORN_UNILEVER_100124_1225',2720),546.0
('UNICORN_UNILEVER_100124_1227',2671),8437.0
('UNICORN_UNILEVER_100124_1228',144),13.0
('UNICORN_UNILEVER_100124_1228',156),19.0
('UNICORN_UNILEVER_100224_0002',144),2580.0
('UNICORN_UNILEVER_100224_0002',156),4186.0
('UNICORN_UNILEVER_100224_0002',2379),1441.0
('UNICORN_UNILEVER_100224_0002',2720),2748.0
('UNICORN_UNILEVER_100224_0002',3004),1620.0
('UNICORN_UNILEVER_100224_0003',144),188523.0
('UNICORN_UNILEVER_100224_0003',156),100126.0
('UNICORN_UNILEVER_100224_0003',2379),62614.0
('UNICORN_UNILEVER_100224_0003',2671),41797.0
('UNICORN_UNILEVER_100224_0003',2720),46171.0
('UNICORN_UNILEVER_100224_0003',3004),29662.0
('UNICORN_UNILEVER_100224_0004',144),3447.0
('UNICORN_UNILEVER_100224_0004',156),5643.0
('UNICORN_UNILEVER_100224_0004',2379),2658.0
('UNICORN_UNILEVER_100224_0004',2671),1246.0
('UNICORN_UNILEVER_100224_0004',2720),1722.0
('UNICORN_UNILEVER_100224_0004',3004),441.0
('UNICORN_UNILEVER_100224_0005',156),999.0
('UNICORN_UNILEVER_100224_0005',2379),604.0
('UNICORN_UNILEVER_100224_0005',2671),255.0
('UNICORN_UNILEVER_100224_0005',2720),576.0
('UNICORN_UNILEVER_100224_0005',3004),82.0
('UNICORN_UNILEVER_100224_2640',144),4582.0
('UNICORN_UNILEVER_100224_2640',156),3157.0
('UNICORN_UNILEVER_100224_2640',2379),933.0
('UNICORN_UNILEVER_100224_2640',2671),1105.0
('UNICORN_UNILEVER_100224_2640',2720),1638.0
('UNICORN_UNILEVER_100224_2640',3004),216.0
('UNICORN_UNILEVER_100224_7249',144),193.0
('UNICORN_UNILEVER_100224_7249',156),280.0
('UNICORN_UNILEVER_100224_7250',144),57.0
('UNICORN_UNILEVER_100224_7250',156),154.0
('UNICORN_UNILEVER_110124_0021',144),481.0
('UNICORN_UNILEVER_110124_0021',156),756.0
('UNICORN_UNILEVER_110124_0021',3004),162.0
('UNICORN_UNILEVER_110124_0022',144),576.0
('UNICORN_UNILEVER_110124_0022',156),366.0
('UNICORN_UNILEVER_110124_0022',2671),240.0
('UNICORN_UNILEVER_110124_0022',3004),60.0
('UNICORN_UNILEVER_110124_2222',144),76095.0
('UNICORN_UNILEVER_110124_2222',156),111544.0
('UNICORN_UNILEVER_110124_2222',2379),27306.0
('UNICORN_UNILEVER_110124_2222',2671),50539.0
('UNICORN_UNILEVER_110124_2222',2720),25116.0
('UNICORN_UNILEVER_110124_2222',3004),25434.0
('UNICORN_UNILEVER_110124_2223',144),3267.0
('UNICORN_UNILEVER_110124_2223',156),3283.0
('UNICORN_UNILEVER_110124_2223',2379),10518.0
('UNICORN_UNILEVER_110124_2223',2671),2463.0
('UNICORN_UNILEVER_110124_2223',2720),5980.0
('UNICORN_UNILEVER_110124_2223',3004),7738.0
('UNICORN_UNILEVER_110124_2224',144),86071.0
('UNICORN_UNILEVER_110124_2224',156),128304.0
('UNICORN_UNILEVER_110124_2224',2671),20011.0
('UNICORN_UNILEVER_110124_2225',144),628.0
('UNICORN_UNILEVER_110124_2225',156),505.0
('UNICORN_UNILEVER_110124_2225',3004),112.0
('UNICORN_UNILEVER_110923_1244',2671),4.0
('UNICORN_UNILEVER_111023_1244',144),1.0
('UNICORN_UNILEVER_111023_1244',2720),1e-05
('UNICORN_UNILEVER_111223_6743',144),54.0
('UNICORN_UNILEVER_111223_6743',156),126.0
('UNICORN_UNILEVER_111223_6743',2379),24.0
('UNICORN_UNILEVER_111223_8253',2720),486.0
('UNICORN_UNILEVER_111223_8257',3004),45360.0
('UNICORN_UNILEVER_120224_0020',144),16.0
('UNICORN_UNILEVER_120224_0020',156),99.0
('UNICORN_UNILEVER_120224_0020',3004),16.0
('UNICORN_UNILEVER_120224_0021',144),1160766.0
('UNICORN_UNILEVER_120224_0021',156),936316.0
('UNICORN_UNILEVER_120224_0021',2379),313986.0
('UNICORN_UNILEVER_120224_0021',2671),1073118.0
('UNICORN_UNILEVER_120224_0021',2720),974950.0
('UNICORN_UNILEVER_120224_0021',3004),151195.0
('UNICORN_UNILEVER_120224_0022',3004),2.0
('UNICORN_UNILEVER_120224_1578',156),75.0
('UNICORN_UNILEVER_120224_1578',2379),421.0
('UNICORN_UNILEVER_120224_1579',144),4.0
('UNICORN_UNILEVER_120224_1579',2379),7.0
('UNICORN_UNILEVER_120224_1579',2671),9.0
('UNICORN_UNILEVER_120224_1579',2720),9.0
('UNICORN_UNILEVER_120224_1580',156),216.0
('UNICORN_UNILEVER_120224_1580',2671),6.0
('UNICORN_UNILEVER_120224_1581',2379),1107.0
('UNICORN_UNILEVER_120224_1581',2671),1455.0
('UNICORN_UNILEVER_120224_1581',2720),400.0
('UNICORN_UNILEVER_120224_1582',3004),538.0
('UNICORN_UNILEVER_120224_6260',144),20094.0
('UNICORN_UNILEVER_120224_6260',156),2134.0
('UNICORN_UNILEVER_120224_6260',2379),4132.0
('UNICORN_UNILEVER_120224_6260',2671),5040.0
('UNICORN_UNILEVER_120224_6260',2720),15501.0
('UNICORN_UNILEVER_120224_6261',144),33.0
('UNICORN_UNILEVER_120224_6262',144),51.0
('UNICORN_UNILEVER_120224_6263',144),159.0
('UNICORN_UNILEVER_120224_6263',2379),265.0
('UNICORN_UNILEVER_120224_6263',2671),36.0
('UNICORN_UNILEVER_120224_6265',144),880.0
('UNICORN_UNILEVER_120224_6265',156),1687.0
('UNICORN_UNILEVER_120224_6265',2671),285.0
('UNICORN_UNILEVER_120224_6265',2720),265.0
('UNICORN_UNILEVER_120224_6265',3004),121.0
('UNICORN_UNILEVER_120823_0001',156),11248.0
('UNICORN_UNILEVER_120823_0001',2720),3432.0
('UNICORN_UNILEVER_120823_0003',2671),1344.0
('UNICORN_UNILEVER_120823_0003',2720),4.0
('UNICORN_UNILEVER_120823_0021',144),12.0
('UNICORN_UNILEVER_120923_3356',2720),1.0
('UNICORN_UNILEVER_120923_3357',144),13.0
('UNICORN_UNILEVER_120923_3357',2379),31.0
('UNICORN_UNILEVER_120923_3357',2671),16.0
('UNICORN_UNILEVER_120923_3357',2720),9.0
('UNICORN_UNILEVER_120923_3359',144),79.0
('UNICORN_UNILEVER_120923_3359',2379),45.0
('UNICORN_UNILEVER_120923_3359',2671),4.0
('UNICORN_UNILEVER_120923_3360',144),78.0
('UNICORN_UNILEVER_120923_3360',2379),153.0
('UNICORN_UNILEVER_120923_3360',2671),96.0
('UNICORN_UNILEVER_120923_3361',144),3.0
('UNICORN_UNILEVER_120923_3363',2720),1.0
('UNICORN_UNILEVER_121023_1239',144),12.0
('UNICORN_UNILEVER_121123_1000',2671),324.0
('UNICORN_UNILEVER_121123_1000',2720),6.0
('UNICORN_UNILEVER_121223_3855',2671),4320.0
('UNICORN_UNILEVER_121223_6402',144),66.0
('UNICORN_UNILEVER_121223_6402',2379),159.0
('UNICORN_UNILEVER_121223_6403',144),96.0
('UNICORN_UNILEVER_121223_6403',2379),49.0
('UNICORN_UNILEVER_121223_6404',144),1.0
('UNICORN_UNILEVER_121223_6404',2671),34.0
('UNICORN_UNILEVER_121223_6405',2671),36.0
('UNICORN_UNILEVER_121223_6419',2671),106.0
('UNICORN_UNILEVER_121223_6420',144),51.0
('UNICORN_UNILEVER_121223_7151',144),124.0
('UNICORN_UNILEVER_130124_0005',144),84.0
('UNICORN_UNILEVER_130124_0005',156),171.0
('UNICORN_UNILEVER_130124_0005',2671),19.0
('UNICORN_UNILEVER_130124_0005',3004),25.0
('UNICORN_UNILEVER_130124_0006',144),31.0
('UNICORN_UNILEVER_130124_0006',156),25.0
('UNICORN_UNILEVER_130124_0006',2379),4.0
('UNICORN_UNILEVER_130124_0006',2671),12.0
('UNICORN_UNILEVER_130124_0007',144),61.0
('UNICORN_UNILEVER_130124_0007',156),94.0
('UNICORN_UNILEVER_130124_0007',2379),12.0
('UNICORN_UNILEVER_130124_0007',2671),10.0
('UNICORN_UNILEVER_130124_0007',3004),22.0
('UNICORN_UNILEVER_130124_0008',144),15.0
('UNICORN_UNILEVER_130124_0008',156),25.0
('UNICORN_UNILEVER_130124_0008',2671),2.0
('UNICORN_UNILEVER_130124_0008',2720),6.0
('UNICORN_UNILEVER_130124_0008',3004),7.0
('UNICORN_UNILEVER_130124_0009',144),30.0
('UNICORN_UNILEVER_130124_0009',156),228.0
('UNICORN_UNILEVER_130124_0009',3004),3.0
('UNICORN_UNILEVER_130124_0010',144),72.0
('UNICORN_UNILEVER_130124_0010',156),23244.0
('UNICORN_UNILEVER_130124_0010',2720),1330.0
('UNICORN_UNILEVER_130124_0011',144),454.0
('UNICORN_UNILEVER_130124_0011',156),46416.0
('UNICORN_UNILEVER_130124_0011',2379),810.0
('UNICORN_UNILEVER_130124_0011',2671),27.0
('UNICORN_UNILEVER_130124_0011',2720),18.0
('UNICORN_UNILEVER_130124_0012',2671),15.0
('UNICORN_UNILEVER_130124_0013',144),10.0
('UNICORN_UNILEVER_130124_0013',2379),3.0
('UNICORN_UNILEVER_130124_0014',144),100.0
('UNICORN_UNILEVER_130124_0014',156),298.0
('UNICORN_UNILEVER_130124_0014',2379),13.0
('UNICORN_UNILEVER_130124_0014',2720),63.0
('UNICORN_UNILEVER_130124_0015',144),1147.0
('UNICORN_UNILEVER_130124_0015',156),1368.0
('UNICORN_UNILEVER_130124_0015',2379),25.0
('UNICORN_UNILEVER_130124_0015',2671),438.0
('UNICORN_UNILEVER_130124_0015',3004),228.0
('UNICORN_UNILEVER_130124_0016',144),108.0
('UNICORN_UNILEVER_130124_0016',156),159.0
('UNICORN_UNILEVER_130124_0016',3004),7.0
('UNICORN_UNILEVER_130124_0017',144),291.0
('UNICORN_UNILEVER_130124_0017',156),207.0
('UNICORN_UNILEVER_130124_0017',2671),100.0
('UNICORN_UNILEVER_130124_0017',2720),10.0
('UNICORN_UNILEVER_130124_0017',3004),73.0
('UNICORN_UNILEVER_130124_0018',144),43.0
('UNICORN_UNILEVER_130124_0018',156),231.0
('UNICORN_UNILEVER_130124_0018',2671),39.0
('UNICORN_UNILEVER_130124_0018',3004),3.0
('UNICORN_UNILEVER_130124_5269',144),6439.0
('UNICORN_UNILEVER_130124_5269',156),35308.0
('UNICORN_UNILEVER_130124_5270',144),919.0
('UNICORN_UNILEVER_130124_5270',156),645.0
('UNICORN_UNILEVER_130124_5270',2671),468.0
('UNICORN_UNILEVER_130124_5270',3004),87.0
('UNICORN_UNILEVER_130124_5271',144),445.0
('UNICORN_UNILEVER_130124_5271',156),459.0
('UNICORN_UNILEVER_130124_5271',2671),100.0
('UNICORN_UNILEVER_130124_5271',3004),42.0
('UNICORN_UNILEVER_130224_3946',156),3682.0
('UNICORN_UNILEVER_130224_3946',2671),144.0
('UNICORN_UNILEVER_130224_3946',2720),64.0
('UNICORN_UNILEVER_130224_3946',3004),753.0
('UNICORN_UNILEVER_130224_3947',156),144.0
('UNICORN_UNILEVER_130224_3947',2671),18.0
('UNICORN_UNILEVER_130723_1235',144),19.0
('UNICORN_UNILEVER_130723_1237',144),37.0
('UNICORN_UNILEVER_130723_1237',2379),15.0
('UNICORN_UNILEVER_130723_1237',2671),2.0
('UNICORN_UNILEVER_130723_1237',2720),4.0
('UNICORN_UNILEVER_130723_1238',144),21.0
('UNICORN_UNILEVER_130723_1240',144),756.0
('UNICORN_UNILEVER_130723_1240',2379),777.0
('UNICORN_UNILEVER_130723_1240',2671),1215.0
('UNICORN_UNILEVER_130723_1241',144),36.0
('UNICORN_UNILEVER_130723_1241',2379),73.0
('UNICORN_UNILEVER_130723_1241',2671),39.0
('UNICORN_UNILEVER_130723_1241',2720),63.0
('UNICORN_UNILEVER_130723_1242',144),6364.0
('UNICORN_UNILEVER_130723_1242',2379),1432.0
('UNICORN_UNILEVER_130723_1243',144),1.0
('UNICORN_UNILEVER_130723_1243',156),24.0
('UNICORN_UNILEVER_130723_1243',2379),336.0
('UNICORN_UNILEVER_130723_1244',144),7.0
('UNICORN_UNILEVER_130723_1244',2379),94.0
('UNICORN_UNILEVER_130723_1244',2671),190.0
('UNICORN_UNILEVER_130723_1244',2720),36.0
('UNICORN_UNILEVER_130723_1245',144),465.0
('UNICORN_UNILEVER_130723_1245',2379),53.0
('UNICORN_UNILEVER_130723_1246',144),58.0
('UNICORN_UNILEVER_130723_1246',2379),3.0
('UNICORN_UNILEVER_130723_1247',144),33.0
('UNICORN_UNILEVER_130723_1247',2379),78.0
('UNICORN_UNILEVER_130723_1247',2671),99.0
('UNICORN_UNILEVER_130723_1247',2720),75.0
('UNICORN_UNILEVER_130723_1248',144),7.0
('UNICORN_UNILEVER_130723_1248',2720),3.0
('UNICORN_UNILEVER_130723_1249',144),36.0
('UNICORN_UNILEVER_130723_1249',2379),148.0
('UNICORN_UNILEVER_130723_1249',2671),12.0
('UNICORN_UNILEVER_130723_1251',2379),78.0
('UNICORN_UNILEVER_130723_1254',144),1.0
('UNICORN_UNILEVER_130723_1254',2379),5.0
('UNICORN_UNILEVER_130723_1254',2671),4.0
('UNICORN_UNILEVER_130723_1254',2720),5.0
('UNICORN_UNILEVER_130723_1258',144),7.0
('UNICORN_UNILEVER_130723_1258',156),2176.0
('UNICORN_UNILEVER_130723_1258',2379),1.0
('UNICORN_UNILEVER_130723_1258',2671),7.0
('UNICORN_UNILEVER_130723_1258',2720),1.0
('UNICORN_UNILEVER_130723_1265',144),46.0
('UNICORN_UNILEVER_130723_1265',2379),9.0
('UNICORN_UNILEVER_130723_1265',2720),1.0
('UNICORN_UNILEVER_130723_1268',144),328.0
('UNICORN_UNILEVER_130723_1268',2379),21.0
('UNICORN_UNILEVER_130723_1275',144),1.0
('UNICORN_UNILEVER_130723_1280',144),558.0
('UNICORN_UNILEVER_130723_1281',144),3.0
('UNICORN_UNILEVER_130723_1281',2379),11.0
('UNICORN_UNILEVER_130723_1287',144),2.0
('UNICORN_UNILEVER_130723_1290',144),540.0
('UNICORN_UNILEVER_130723_1293',144),6.0
('UNICORN_UNILEVER_130723_1293',156),1032.0
('UNICORN_UNILEVER_130723_1293',2379),6.0
('UNICORN_UNILEVER_130723_1298',144),1.0
('UNICORN_UNILEVER_130723_1299',144),6.0
('UNICORN_UNILEVER_130723_1301',144),39.0
('UNICORN_UNILEVER_130723_1302',2720),198.0
('UNICORN_UNILEVER_130723_1304',144),48.0
('UNICORN_UNILEVER_130723_1306',144),1.0
('UNICORN_UNILEVER_130723_1308',144),3.0
('UNICORN_UNILEVER_130723_1310',144),1.0
('UNICORN_UNILEVER_130723_1311',2379),33.0
('UNICORN_UNILEVER_130723_1315',144),4626.0
('UNICORN_UNILEVER_130723_1315',2379),1140.0
('UNICORN_UNILEVER_130723_1315',2671),216.0
('UNICORN_UNILEVER_130723_1315',2720),6.0
('UNICORN_UNILEVER_130723_1316',144),1.0
('UNICORN_UNILEVER_130723_1316',2379),6.0
('UNICORN_UNILEVER_130723_1325',144),4.0
('UNICORN_UNILEVER_130723_1326',2379),1.0
('UNICORN_UNILEVER_130723_1336',144),108.0
('UNICORN_UNILEVER_130723_1336',2671),321.0
('UNICORN_UNILEVER_130723_1336',2720),293.0
('UNICORN_UNILEVER_130723_1342',2379),1782.0
('UNICORN_UNILEVER_130723_1342',2671),432.0
('UNICORN_UNILEVER_130723_1343',2671),36.0
('UNICORN_UNILEVER_130723_1345',144),4.0
('UNICORN_UNILEVER_130723_1347',2671),1.0
('UNICORN_UNILEVER_130723_1348',2379),16.0
('UNICORN_UNILEVER_130723_1351',144),4.0
('UNICORN_UNILEVER_130723_1351',2379),1e-05
('UNICORN_UNILEVER_130723_1351',2671),3.0
('UNICORN_UNILEVER_130723_1351',2720),1.0
('UNICORN_UNILEVER_130723_1354',144),1.0
('UNICORN_UNILEVER_130723_1356',2379),2.0
('UNICORN_UNILEVER_130723_1361',144),1.0
('UNICORN_UNILEVER_130723_1363',144),189.0
('UNICORN_UNILEVER_130723_1365',144),102.0
('UNICORN_UNILEVER_130723_1365',2379),6.0
('UNICORN_UNILEVER_130723_1365',2720),45.0
('UNICORN_UNILEVER_130723_1374',144),3.0
('UNICORN_UNILEVER_130723_1375',144),4.0
('UNICORN_UNILEVER_130723_1378',144),4.0
('UNICORN_UNILEVER_130723_1384',144),252.0
('UNICORN_UNILEVER_130723_1384',2720),3.0
('UNICORN_UNILEVER_130723_1385',144),13.0
('UNICORN_UNILEVER_130723_1385',2671),432.0
('UNICORN_UNILEVER_130723_1385',2720),1.0
('UNICORN_UNILEVER_130723_1386',144),10.0
('UNICORN_UNILEVER_130723_1388',2671),9.0
('UNICORN_UNILEVER_130723_1394',144),3.0
('UNICORN_UNILEVER_130723_1394',2671),4.0
('UNICORN_UNILEVER_130723_1394',2720),15.0
('UNICORN_UNILEVER_130723_1395',144),4.0
('UNICORN_UNILEVER_130723_1395',2379),45.0
('UNICORN_UNILEVER_130723_1397',144),6.0
('UNICORN_UNILEVER_130723_1397',2379),1e-05
('UNICORN_UNILEVER_130723_1398',144),72.0
('UNICORN_UNILEVER_130723_1398',2671),16.0
('UNICORN_UNILEVER_130723_1399',2720),4.0
('UNICORN_UNILEVER_130723_1400',144),1e-05
('UNICORN_UNILEVER_130723_1401',144),8.0
('UNICORN_UNILEVER_130723_1401',2671),2.0
('UNICORN_UNILEVER_130723_1401',2720),3.0
('UNICORN_UNILEVER_130723_1402',144),5.0
('UNICORN_UNILEVER_130723_1402',2379),3.0
('UNICORN_UNILEVER_130723_1408',144),3.0
('UNICORN_UNILEVER_130723_1408',2379),1e-05
('UNICORN_UNILEVER_130723_1408',2671),2.0
('UNICORN_UNILEVER_130723_1412',2671),414.0
('UNICORN_UNILEVER_130723_1415',144),5.0
('UNICORN_UNILEVER_130723_1418',144),123.0
('UNICORN_UNILEVER_130723_1418',2720),49.0
('UNICORN_UNILEVER_130723_1431',144),2.0
('UNICORN_UNILEVER_130723_1432',144),1e-05
('UNICORN_UNILEVER_130723_1434',144),10.0
('UNICORN_UNILEVER_130723_1437',144),1.0
('UNICORN_UNILEVER_130723_1437',2379),3.0
('UNICORN_UNILEVER_130723_1438',144),2.0
('UNICORN_UNILEVER_130723_1440',144),1.0
('UNICORN_UNILEVER_130723_1441',144),1.0
('UNICORN_UNILEVER_130723_1441',2379),4.0
('UNICORN_UNILEVER_130723_1442',144),2.0
('UNICORN_UNILEVER_130723_1442',2379),1e-05
('UNICORN_UNILEVER_130723_1442',2671),1.0
('UNICORN_UNILEVER_130723_1442',2720),1.0
('UNICORN_UNILEVER_130723_1444',144),3.0
('UNICORN_UNILEVER_130723_1446',144),1.0
('UNICORN_UNILEVER_130723_1446',2379),3.0
('UNICORN_UNILEVER_130723_1448',2379),3.0
('UNICORN_UNILEVER_130723_1448',2720),84.0
('UNICORN_UNILEVER_130723_1449',144),24.0
('UNICORN_UNILEVER_130723_1454',144),5.0
('UNICORN_UNILEVER_130723_1454',2379),2.0
('UNICORN_UNILEVER_130723_1455',144),1e-05
('UNICORN_UNILEVER_130723_1455',2379),1.0
('UNICORN_UNILEVER_130723_1455',2671),18.0
('UNICORN_UNILEVER_130723_1460',144),663.0
('UNICORN_UNILEVER_130723_1460',2720),442.0
('UNICORN_UNILEVER_130723_1461',144),3.0
('UNICORN_UNILEVER_130723_1462',144),64.0
('UNICORN_UNILEVER_130723_1462',156),70.0
('UNICORN_UNILEVER_130723_1462',2379),18.0
('UNICORN_UNILEVER_130723_1462',2671),33.0
('UNICORN_UNILEVER_130723_1465',144),1.0
('UNICORN_UNILEVER_130723_1466',144),727.0
('UNICORN_UNILEVER_130723_1466',156),1365.0
('UNICORN_UNILEVER_130723_1466',2720),576.0
('UNICORN_UNILEVER_130723_1467',2671),3.0
('UNICORN_UNILEVER_130723_1467',2720),1.0
('UNICORN_UNILEVER_130723_1468',144),1.0
('UNICORN_UNILEVER_130723_1468',2379),1.0
('UNICORN_UNILEVER_130723_1468',2671),3.0
('UNICORN_UNILEVER_130723_1469',144),1e-05
('UNICORN_UNILEVER_130723_1469',2379),2.0
('UNICORN_UNILEVER_130723_1472',144),4.0
('UNICORN_UNILEVER_130723_1474',144),1.0
('UNICORN_UNILEVER_130723_1474',2379),3.0
('UNICORN_UNILEVER_130723_1475',156),103.0
('UNICORN_UNILEVER_130723_1475',2379),2500.0
('UNICORN_UNILEVER_130723_1475',2671),13.0
('UNICORN_UNILEVER_130723_1475',2720),148.0
('UNICORN_UNILEVER_130723_1481',144),1.0
('UNICORN_UNILEVER_130723_1492',144),22.0
('UNICORN_UNILEVER_130723_1492',2379),4.0
('UNICORN_UNILEVER_130723_1495',144),39.0
('UNICORN_UNILEVER_130723_1495',2671),271.0
('UNICORN_UNILEVER_130723_1495',2720),108.0
('UNICORN_UNILEVER_130723_1504',144),22.0
('UNICORN_UNILEVER_130723_1504',2379),9.0
('UNICORN_UNILEVER_130723_1506',144),1.0
('UNICORN_UNILEVER_130723_1514',2379),4.0
('UNICORN_UNILEVER_130723_1516',2671),51.0
('UNICORN_UNILEVER_130723_1518',2671),40.0
('UNICORN_UNILEVER_130723_1519',2671),471.0
('UNICORN_UNILEVER_130723_1522',2671),31.0
('UNICORN_UNILEVER_130723_1523',2671),13.0
('UNICORN_UNILEVER_130723_1524',2671),13.0
('UNICORN_UNILEVER_130723_1527',144),1.0
('UNICORN_UNILEVER_130723_1528',144),2862.0
('UNICORN_UNILEVER_130723_1528',2671),7.0
('UNICORN_UNILEVER_130723_1529',144),18.0
('UNICORN_UNILEVER_130723_1529',2379),1.0
('UNICORN_UNILEVER_130723_1529',2671),1.0
('UNICORN_UNILEVER_130723_1530',144),2.0
('UNICORN_UNILEVER_130723_1537',144),12.0
('UNICORN_UNILEVER_130723_1540',144),1.0
('UNICORN_UNILEVER_130723_1542',144),1.0
('UNICORN_UNILEVER_130723_1542',2379),1e-05
('UNICORN_UNILEVER_130723_1542',2671),2.0
('UNICORN_UNILEVER_130723_1542',2720),361.0
('UNICORN_UNILEVER_130723_1543',144),1.0
('UNICORN_UNILEVER_130723_1544',2720),1e-05
('UNICORN_UNILEVER_130723_1545',2379),4.0
('UNICORN_UNILEVER_130723_1546',144),3.0
('UNICORN_UNILEVER_130723_1553',144),3.0
('UNICORN_UNILEVER_130723_1553',2671),72.0
('UNICORN_UNILEVER_130723_1553',2720),28.0
('UNICORN_UNILEVER_130723_1554',2379),2083.0
('UNICORN_UNILEVER_130723_1556',144),18.0
('UNICORN_UNILEVER_130723_1557',144),6.0
('UNICORN_UNILEVER_130723_1558',144),150.0
('UNICORN_UNILEVER_130723_1560',144),3.0
('UNICORN_UNILEVER_130723_1560',2379),2.0
('UNICORN_UNILEVER_130723_1562',144),2.0
('UNICORN_UNILEVER_130723_1565',144),2.0
('UNICORN_UNILEVER_130723_1573',144),30.0
('UNICORN_UNILEVER_130723_1579',144),126.0
('UNICORN_UNILEVER_130723_1579',2379),18.0
('UNICORN_UNILEVER_130723_1579',2720),15.0
('UNICORN_UNILEVER_130723_1581',144),1.0
('UNICORN_UNILEVER_130723_1582',144),1e-05
('UNICORN_UNILEVER_130723_1582',2720),91.0
('UNICORN_UNILEVER_130723_1585',144),5.0
('UNICORN_UNILEVER_130723_1586',144),19.0
('UNICORN_UNILEVER_130723_1586',156),45.0
('UNICORN_UNILEVER_130723_1587',144),229.0
('UNICORN_UNILEVER_130723_1588',144),198.0
('UNICORN_UNILEVER_130723_1597',144),7.0
('UNICORN_UNILEVER_130723_1597',156),1122.0
('UNICORN_UNILEVER_130723_1597',2379),6.0
('UNICORN_UNILEVER_130723_1599',144),9.0
('UNICORN_UNILEVER_130723_1602',144),4.0
('UNICORN_UNILEVER_130723_1604',144),388.0
('UNICORN_UNILEVER_130723_1606',144),1.0
('UNICORN_UNILEVER_130723_1615',144),4.0
('UNICORN_UNILEVER_130723_1624',144),171.0
('UNICORN_UNILEVER_130723_1624',2379),49.0
('UNICORN_UNILEVER_130723_1624',2720),82.0
('UNICORN_UNILEVER_130723_1632',144),1.0
('UNICORN_UNILEVER_130723_1632',156),232.0
('UNICORN_UNILEVER_130723_1632',2671),4.0
('UNICORN_UNILEVER_130723_1632',2720),7.0
('UNICORN_UNILEVER_130723_1633',144),1176.0
('UNICORN_UNILEVER_130723_1634',144),5.0
('UNICORN_UNILEVER_130723_1635',144),1.0
('UNICORN_UNILEVER_130723_1636',144),4.0
('UNICORN_UNILEVER_130723_1639',2379),3.0
('UNICORN_UNILEVER_130723_1644',2379),7.0
('UNICORN_UNILEVER_130723_1644',2671),1.0
('UNICORN_UNILEVER_130723_1646',144),544.0
('UNICORN_UNILEVER_130723_1648',144),3.0
('UNICORN_UNILEVER_130723_1648',156),60.0
('UNICORN_UNILEVER_130723_1648',2379),34.0
('UNICORN_UNILEVER_130723_1653',144),102.0
('UNICORN_UNILEVER_130723_1654',144),4.0
('UNICORN_UNILEVER_130723_1660',144),108.0
('UNICORN_UNILEVER_130723_1661',2379),1e-05
('UNICORN_UNILEVER_130723_1669',144),378.0
('UNICORN_UNILEVER_130723_1669',156),174.0
('UNICORN_UNILEVER_130723_1669',2379),234.0
('UNICORN_UNILEVER_130723_1669',2720),321.0
('UNICORN_UNILEVER_130723_1670',144),1.0
('UNICORN_UNILEVER_130723_1670',2379),1.0
('UNICORN_UNILEVER_130723_1670',2720),21.0
('UNICORN_UNILEVER_130723_1672',144),1.0
('UNICORN_UNILEVER_130723_1672',2379),4.0
('UNICORN_UNILEVER_130723_1672',2671),10.0
('UNICORN_UNILEVER_130723_1672',2720),15.0
('UNICORN_UNILEVER_130723_1673',144),348.0
('UNICORN_UNILEVER_130723_1674',144),543.0
('UNICORN_UNILEVER_130723_1674',156),61392.0
('UNICORN_UNILEVER_130723_1675',144),5.0
('UNICORN_UNILEVER_130723_1675',156),108.0
('UNICORN_UNILEVER_130723_1675',2671),4.0
('UNICORN_UNILEVER_130723_1675',2720),18.0
('UNICORN_UNILEVER_130723_1677',144),2.0
('UNICORN_UNILEVER_130723_1677',2379),1.0
('UNICORN_UNILEVER_130723_1677',2720),21.0
('UNICORN_UNILEVER_130723_1680',144),73.0
('UNICORN_UNILEVER_130723_1680',2379),36.0
('UNICORN_UNILEVER_130723_1681',144),528.0
('UNICORN_UNILEVER_130723_1683',144),2.0
('UNICORN_UNILEVER_130723_1683',2720),12.0
('UNICORN_UNILEVER_130723_1684',144),1.0
('UNICORN_UNILEVER_130723_1684',156),735.0
('UNICORN_UNILEVER_130723_1687',144),11.0
('UNICORN_UNILEVER_130723_1687',2379),2.0
('UNICORN_UNILEVER_130723_1689',144),9.0
('UNICORN_UNILEVER_130723_1689',2379),12.0
('UNICORN_UNILEVER_130723_1690',144),3.0
('UNICORN_UNILEVER_130723_1691',144),7.0
('UNICORN_UNILEVER_130723_1692',144),1.0
('UNICORN_UNILEVER_130723_1693',2379),1.0
('UNICORN_UNILEVER_130723_1693',2720),1.0
('UNICORN_UNILEVER_130723_1694',2720),12.0
('UNICORN_UNILEVER_130723_1695',144),48.0
('UNICORN_UNILEVER_130723_1695',2720),2.0
('UNICORN_UNILEVER_130723_1696',144),1e-05
('UNICORN_UNILEVER_130723_1696',2671),2.0
('UNICORN_UNILEVER_130723_1697',156),15.0
('UNICORN_UNILEVER_130723_1697',2720),9.0
('UNICORN_UNILEVER_130723_1699',144),4.0
('UNICORN_UNILEVER_130723_1699',2379),3.0
('UNICORN_UNILEVER_130723_1700',2720),3.0
('UNICORN_UNILEVER_130723_1701',2671),18.0
('UNICORN_UNILEVER_130723_1702',144),3.0
('UNICORN_UNILEVER_130723_1702',2379),5.0
('UNICORN_UNILEVER_130723_1702',2720),3.0
('UNICORN_UNILEVER_130723_1703',2379),39.0
('UNICORN_UNILEVER_130723_1703',2671),1.0
('UNICORN_UNILEVER_130723_1703',2720),24.0
('UNICORN_UNILEVER_130723_1705',144),1e-05
('UNICORN_UNILEVER_130723_1705',2379),1.0
('UNICORN_UNILEVER_130723_1705',2671),13.0
('UNICORN_UNILEVER_130723_1705',2720),22.0
('UNICORN_UNILEVER_130723_1706',144),3.0
('UNICORN_UNILEVER_130723_1707',144),6.0
('UNICORN_UNILEVER_130723_1708',144),2.0
('UNICORN_UNILEVER_130723_1708',2379),4.0
('UNICORN_UNILEVER_130723_1709',144),4.0
('UNICORN_UNILEVER_130723_1716',144),21.0
('UNICORN_UNILEVER_130723_1719',2671),12.0
('UNICORN_UNILEVER_130723_1725',2379),3.0
('UNICORN_UNILEVER_130723_1731',144),544.0
('UNICORN_UNILEVER_130723_1731',2379),1906.0
('UNICORN_UNILEVER_130723_1731',2671),1734.0
('UNICORN_UNILEVER_130723_1731',2720),1830.0
('UNICORN_UNILEVER_130723_1732',2671),3.0
('UNICORN_UNILEVER_130723_1733',144),4.0
('UNICORN_UNILEVER_130723_1733',2379),114.0
('UNICORN_UNILEVER_130723_1733',2671),40.0
('UNICORN_UNILEVER_130723_1733',2720),99.0
('UNICORN_UNILEVER_130723_1735',144),387.0
('UNICORN_UNILEVER_130723_1735',156),30.0
('UNICORN_UNILEVER_130723_1735',2671),1002.0
('UNICORN_UNILEVER_130723_1735',2720),4.0
('UNICORN_UNILEVER_130723_1737',2379),27.0
('UNICORN_UNILEVER_130723_1740',2671),30.0
('UNICORN_UNILEVER_130723_1742',2671),495.0
('UNICORN_UNILEVER_130723_1745',144),4.0
('UNICORN_UNILEVER_130723_1745',2379),168.0
('UNICORN_UNILEVER_130723_1749',2379),4.0
('UNICORN_UNILEVER_130723_1751',2671),288.0
('UNICORN_UNILEVER_130723_1752',144),3.0
('UNICORN_UNILEVER_130723_1753',144),1.0
('UNICORN_UNILEVER_130723_1753',2720),3834.0
('UNICORN_UNILEVER_130723_1757',144),277.0
('UNICORN_UNILEVER_130723_1760',144),381.0
('UNICORN_UNILEVER_130723_1762',144),15.0
('UNICORN_UNILEVER_130723_1762',156),273.0
('UNICORN_UNILEVER_130723_1762',2379),171.0
('UNICORN_UNILEVER_130723_1762',2720),4.0
('UNICORN_UNILEVER_130723_1763',2379),6.0
('UNICORN_UNILEVER_130723_1772',144),25.0
('UNICORN_UNILEVER_130723_1773',144),346.0
('UNICORN_UNILEVER_130723_1773',2720),609.0
('UNICORN_UNILEVER_130723_1775',2379),334.0
('UNICORN_UNILEVER_130723_1776',2671),16.0
('UNICORN_UNILEVER_130723_1781',2671),63.0
('UNICORN_UNILEVER_130723_1783',144),3.0
('UNICORN_UNILEVER_130723_1783',2379),16.0
('UNICORN_UNILEVER_130723_1794',144),12.0
('UNICORN_UNILEVER_130723_1799',144),1e-05
('UNICORN_UNILEVER_130723_1799',2379),6.0
('UNICORN_UNILEVER_130723_1800',144),18.0
('UNICORN_UNILEVER_130723_1800',2379),3.0
('UNICORN_UNILEVER_130723_1808',144),4.0
('UNICORN_UNILEVER_130723_1808',2671),54.0
('UNICORN_UNILEVER_130723_1809',2379),25.0
('UNICORN_UNILEVER_130723_1809',2671),63.0
('UNICORN_UNILEVER_130723_1810',2379),37.0
('UNICORN_UNILEVER_130723_1810',2671),9.0
('UNICORN_UNILEVER_130723_1810',2720),1.0
('UNICORN_UNILEVER_130723_1811',144),82.0
('UNICORN_UNILEVER_130723_1811',156),61.0
('UNICORN_UNILEVER_130723_1811',2720),4.0
('UNICORN_UNILEVER_130723_1814',144),679.0
('UNICORN_UNILEVER_130723_1815',144),15.0
('UNICORN_UNILEVER_130723_1815',2379),6.0
('UNICORN_UNILEVER_130723_1815',2720),90.0
('UNICORN_UNILEVER_130723_1816',144),1.0
('UNICORN_UNILEVER_130723_1818',144),6.0
('UNICORN_UNILEVER_130723_1818',2671),8.0
('UNICORN_UNILEVER_130723_1818',2720),9.0
('UNICORN_UNILEVER_130723_1819',144),6.0
('UNICORN_UNILEVER_130723_1819',2379),1e-05
('UNICORN_UNILEVER_130723_1819',2671),10.0
('UNICORN_UNILEVER_130723_1821',2720),18.0
('UNICORN_UNILEVER_130723_1833',2720),9.0
('UNICORN_UNILEVER_130723_1851',2379),1.0
('UNICORN_UNILEVER_130723_1858',144),3.0
('UNICORN_UNILEVER_130723_1858',2671),2.0
('UNICORN_UNILEVER_130723_1864',2379),58.0
('UNICORN_UNILEVER_130723_9933',2671),58.0
('UNICORN_UNILEVER_130723_9933',3004),72.0
('UNICORN_UNILEVER_130923_1214',2671),432.0
('UNICORN_UNILEVER_140124_1992',144),6147.0
('UNICORN_UNILEVER_140124_1992',156),9513.0
('UNICORN_UNILEVER_140124_1992',2379),7617.0
('UNICORN_UNILEVER_140124_1992',2671),5523.0
('UNICORN_UNILEVER_140124_1992',2720),4833.0
('UNICORN_UNILEVER_140124_1993',144),16461.0
('UNICORN_UNILEVER_140124_1993',156),15069.0
('UNICORN_UNILEVER_140124_1993',2379),688.0
('UNICORN_UNILEVER_140124_1993',2671),10330.0
('UNICORN_UNILEVER_140124_1993',2720),10602.0
('UNICORN_UNILEVER_140224_2749',144),630.0
('UNICORN_UNILEVER_140224_2749',156),718.0
('UNICORN_UNILEVER_140224_2749',2379),34.0
('UNICORN_UNILEVER_140224_2749',2671),297.0
('UNICORN_UNILEVER_140224_2749',2720),82.0
('UNICORN_UNILEVER_140224_2749',3004),97.0
('UNICORN_UNILEVER_140224_2750',2720),1.0
('UNICORN_UNILEVER_140224_2750',3004),6.0
('UNICORN_UNILEVER_140224_9264',2671),27.0
('UNICORN_UNILEVER_140224_9264',3004),18.0
('UNICORN_UNILEVER_140224_9265',3004),21.0
('UNICORN_UNILEVER_140224_9266',144),9169.0
('UNICORN_UNILEVER_140224_9266',156),14946.0
('UNICORN_UNILEVER_140224_9266',2379),3757.0
('UNICORN_UNILEVER_140224_9266',2671),6384.0
('UNICORN_UNILEVER_140224_9266',2720),3046.0
('UNICORN_UNILEVER_140224_9266',3004),1756.0
('UNICORN_UNILEVER_140224_9267',2671),288.0
('UNICORN_UNILEVER_140224_9267',3004),247.0
('UNICORN_UNILEVER_140224_9268',156),9892.0
('UNICORN_UNILEVER_140224_9268',2379),4561.0
('UNICORN_UNILEVER_140224_9268',2671),540.0
('UNICORN_UNILEVER_140224_9268',2720),1638.0
('UNICORN_UNILEVER_14024_1988',144),2209.0
('UNICORN_UNILEVER_14024_1988',156),4882.0
('UNICORN_UNILEVER_14024_1988',2671),853.0
('UNICORN_UNILEVER_14024_1988',3004),436.0
('UNICORN_UNILEVER_14024_2000',144),1e-05
('UNICORN_UNILEVER_14024_2000',156),1080.0
('UNICORN_UNILEVER_14024_2000',2379),6.0
('UNICORN_UNILEVER_14024_2000',2671),76.0
('UNICORN_UNILEVER_140823_0022',2379),46.0
('UNICORN_UNILEVER_140823_0022',2671),13.0
('UNICORN_UNILEVER_140823_0022',2720),21.0
('UNICORN_UNILEVER_141023_1020',144),25.0
('UNICORN_UNILEVER_141023_1022',144),51.0
('UNICORN_UNILEVER_141023_1022',156),37.0
('UNICORN_UNILEVER_141023_1022',2720),4.0
('UNICORN_UNILEVER_141023_1203',2671),3.0
('UNICORN_UNILEVER_141023_1204',2671),1e-05
('UNICORN_UNILEVER_141123_1008',144),4489.0
('UNICORN_UNILEVER_141123_1008',2379),352.0
('UNICORN_UNILEVER_141123_1009',144),1966.0
('UNICORN_UNILEVER_141123_1009',2379),4852.0
('UNICORN_UNILEVER_141223_0020',144),73.0
('UNICORN_UNILEVER_150124_2748',144),294.0
('UNICORN_UNILEVER_150124_2748',156),334.0
('UNICORN_UNILEVER_150124_3330',144),39.0
('UNICORN_UNILEVER_150124_3330',156),49.0
('UNICORN_UNILEVER_150124_3330',2671),6.0
('UNICORN_UNILEVER_150124_3330',3004),6.0
('UNICORN_UNILEVER_150124_3331',144),40.0
('UNICORN_UNILEVER_150124_3331',156),33.0
('UNICORN_UNILEVER_150124_3331',3004),10.0
('UNICORN_UNILEVER_150124_3865',144),3495.0
('UNICORN_UNILEVER_150124_3865',156),4824.0
('UNICORN_UNILEVER_150124_3865',2379),652.0
('UNICORN_UNILEVER_150124_3865',2671),2079.0
('UNICORN_UNILEVER_150124_3865',2720),582.0
('UNICORN_UNILEVER_150124_3865',3004),529.0
('UNICORN_UNILEVER_150124_9328',156),16281.0
('UNICORN_UNILEVER_150124_9328',2379),400.0
('UNICORN_UNILEVER_150124_9328',2671),6525.0
('UNICORN_UNILEVER_150124_9328',2720),4.0
('UNICORN_UNILEVER_150124_9329',144),462322.0
('UNICORN_UNILEVER_150124_9329',156),740188.0
('UNICORN_UNILEVER_150124_9329',2379),384907.0
('UNICORN_UNILEVER_150124_9329',2671),176977.0
('UNICORN_UNILEVER_150124_9329',2720),84121.0
('UNICORN_UNILEVER_150124_9331',144),18.0
('UNICORN_UNILEVER_150124_9331',156),87.0
('UNICORN_UNILEVER_150124_9332',144),61.0
('UNICORN_UNILEVER_150124_9332',156),63.0
('UNICORN_UNILEVER_150124_9332',3004),7.0
('UNICORN_UNILEVER_150124_9333',144),66.0
('UNICORN_UNILEVER_150124_9333',156),69.0
('UNICORN_UNILEVER_150124_9333',3004),3.0
('UNICORN_UNILEVER_150224_2264',3004),76.0
('UNICORN_UNILEVER_150224_2265',144),228.0
('UNICORN_UNILEVER_150923_1244',2671),4.0
('UNICORN_UNILEVER_151123_9916',2671),6.0
('UNICORN_UNILEVER_160823_1244',2671),326.0
('UNICORN_UNILEVER_160823_1244',2720),4.0
('UNICORN_UNILEVER_160823_1609',2671),1.0
('UNICORN_UNILEVER_161123_1002',144),10.0
('UNICORN_UNILEVER_161123_1002',2720),102.0
('UNICORN_UNILEVER_170124_0864',144),167662.0
('UNICORN_UNILEVER_170124_0864',2671),14236.0
('UNICORN_UNILEVER_170124_0864',2720),324.0
('UNICORN_UNILEVER_170124_0864',3004),35143.0
('UNICORN_UNILEVER_170124_4086',144),30.0
('UNICORN_UNILEVER_170124_4086',2671),7.0
('UNICORN_UNILEVER_170124_4086',3004),9.0
('UNICORN_UNILEVER_170124_4087',144),9.0
('UNICORN_UNILEVER_170124_4088',144),27.0
('UNICORN_UNILEVER_170124_4088',156),72.0
('UNICORN_UNILEVER_170124_4088',2720),7.0
('UNICORN_UNILEVER_170124_4088',3004),3.0
('UNICORN_UNILEVER_170124_7265',144),6.0
('UNICORN_UNILEVER_170124_7265',156),9.0
('UNICORN_UNILEVER_170124_7265',3004),21.0
('UNICORN_UNILEVER_170124_7267',144),13105.0
('UNICORN_UNILEVER_170124_7267',156),11748.0
('UNICORN_UNILEVER_170124_7267',2379),10705.0
('UNICORN_UNILEVER_170124_7267',2671),12993.0
('UNICORN_UNILEVER_170124_7267',2720),5730.0
('UNICORN_UNILEVER_170124_7267',3004),3078.0
('UNICORN_UNILEVER_170224_1009',144),112095.0
('UNICORN_UNILEVER_170224_1009',156),76920.0
('UNICORN_UNILEVER_170224_1009',2379),12651.0
('UNICORN_UNILEVER_170224_1009',2671),99615.0
('UNICORN_UNILEVER_170224_1009',2720),45133.0
('UNICORN_UNILEVER_170224_1009',3004),3565.0
('UNICORN_UNILEVER_170224_1010',144),143245.0
('UNICORN_UNILEVER_170224_1010',2379),1689.0
('UNICORN_UNILEVER_170224_1011',144),15504.0
('UNICORN_UNILEVER_170224_1011',156),20772.0
('UNICORN_UNILEVER_170224_1011',2379),162.0
('UNICORN_UNILEVER_170224_1011',2671),1021.0
('UNICORN_UNILEVER_170224_1011',2720),1332.0
('UNICORN_UNILEVER_170224_1011',3004),3021.0
('UNICORN_UNILEVER_170224_1012',144),42489.0
('UNICORN_UNILEVER_170224_1012',156),119184.0
('UNICORN_UNILEVER_170224_1012',2379),7164.0
('UNICORN_UNILEVER_170224_1012',2671),36247.0
('UNICORN_UNILEVER_170224_1012',2720),22758.0
('UNICORN_UNILEVER_170224_1013',144),330.0
('UNICORN_UNILEVER_170224_1013',156),772.0
('UNICORN_UNILEVER_170224_1013',2379),1369.0
('UNICORN_UNILEVER_170224_1013',2671),2046.0
('UNICORN_UNILEVER_170224_1013',2720),219.0
('UNICORN_UNILEVER_170224_1013',3004),78.0
('UNICORN_UNILEVER_170224_1014',144),540.0
('UNICORN_UNILEVER_170224_1014',156),2220.0
('UNICORN_UNILEVER_170224_1014',2379),11379.0
('UNICORN_UNILEVER_170224_1014',2671),2160.0
('UNICORN_UNILEVER_170224_1014',2720),2863.0
('UNICORN_UNILEVER_170224_1014',3004),270.0
('UNICORN_UNILEVER_170224_1015',144),112.0
('UNICORN_UNILEVER_170224_1015',2379),670.0
('UNICORN_UNILEVER_170224_1016',156),9333.0
('UNICORN_UNILEVER_170224_1016',2379),8434.0
('UNICORN_UNILEVER_170224_1016',2671),9072.0
('UNICORN_UNILEVER_171223_1221',144),709.0
('UNICORN_UNILEVER_171223_1221',2671),42.0
('UNICORN_UNILEVER_180124_3879',144),1.0
('UNICORN_UNILEVER_180124_3879',156),9.0
('UNICORN_UNILEVER_180124_3880',144),18.0
('UNICORN_UNILEVER_180124_3880',156),21.0
('UNICORN_UNILEVER_180124_3881',156),34.0
('UNICORN_UNILEVER_180124_3882',144),1663.0
('UNICORN_UNILEVER_180124_3882',156),1960.0
('UNICORN_UNILEVER_180124_3882',2379),559.0
('UNICORN_UNILEVER_180124_3882',2671),829.0
('UNICORN_UNILEVER_180124_3882',2720),715.0
('UNICORN_UNILEVER_180124_3882',3004),409.0
('UNICORN_UNILEVER_180224_2775',156),39.0
('UNICORN_UNILEVER_180224_2775',2720),33.0
('UNICORN_UNILEVER_180224_2775',3004),63.0
('UNICORN_UNILEVER_180224_2776',144),507.0
('UNICORN_UNILEVER_180224_2776',156),648.0
('UNICORN_UNILEVER_180224_2776',2671),207.0
('UNICORN_UNILEVER_180224_2776',2720),132.0
('UNICORN_UNILEVER_180923_1225',144),15.0
('UNICORN_UNILEVER_181023_1022',2720),18.0
('UNICORN_UNILEVER_181123_1002',2671),3.0
('UNICORN_UNILEVER_181123_1091',156),1.0
('UNICORN_UNILEVER_181123_1093',2720),79.0
('UNICORN_UNILEVER_190224_7387',144),16756.0
('UNICORN_UNILEVER_190224_7387',2671),12312.0
('UNICORN_UNILEVER_190224_7387',2720),1522.0
('UNICORN_UNILEVER_190224_7388',144),324.0
('UNICORN_UNILEVER_190224_7388',156),1188.0
('UNICORN_UNILEVER_190224_7388',2671),1830.0
('UNICORN_UNILEVER_190224_7388',3004),486.0
('UNICORN_UNILEVER_190224_7389',144),954.0
('UNICORN_UNILEVER_190224_7389',156),108.0
('UNICORN_UNILEVER_190224_7389',3004),180.0
('UNICORN_UNILEVER_190224_7926',144),72.0
('UNICORN_UNILEVER_190224_7926',2671),96.0
('UNICORN_UNILEVER_190224_7926',3004),138.0
('UNICORN_UNILEVER_190224_7927',2671),88.0
('UNICORN_UNILEVER_190224_7927',3004),25.0
('UNICORN_UNILEVER_190224_7928',144),45.0
('UNICORN_UNILEVER_190224_7928',2671),43.0
('UNICORN_UNILEVER_190923_1213',156),1339.0
('UNICORN_UNILEVER_190923_1213',2379),54.0
('UNICORN_UNILEVER_200124_3075',156),17371.0
('UNICORN_UNILEVER_200124_3076',144),4.0
('UNICORN_UNILEVER_200124_3076',156),39.0
('UNICORN_UNILEVER_200124_3076',2379),13.0
('UNICORN_UNILEVER_200124_3076',2671),1.0
('UNICORN_UNILEVER_200224_3788',156),6480.0
('UNICORN_UNILEVER_200224_3788',3004),1080.0
('UNICORN_UNILEVER_200224_3789',156),756.0
('UNICORN_UNILEVER_200224_3789',3004),25.0
('UNICORN_UNILEVER_200224_3790',156),288.0
('UNICORN_UNILEVER_200224_3791',144),10.0
('UNICORN_UNILEVER_200224_3791',156),132.0
('UNICORN_UNILEVER_200224_3791',2671),16.0
('UNICORN_UNILEVER_200224_3791',2720),30.0
('UNICORN_UNILEVER_200224_3791',3004),45.0
('UNICORN_UNILEVER_200923_0018',144),3.0
('UNICORN_UNILEVER_200923_0018',2379),1.0
('UNICORN_UNILEVER_210823_1982',144),1039.0
('UNICORN_UNILEVER_210823_1982',2379),1713.0
('UNICORN_UNILEVER_210823_1983',2671),3.0
('UNICORN_UNILEVER_210823_1983',2720),10.0
('UNICORN_UNILEVER_211023_0024',144),21.0
('UNICORN_UNILEVER_211023_0024',2379),4.0
('UNICORN_UNILEVER_211023_0024',2720),1.0
('UNICORN_UNILEVER_211023_0026',144),22.0
('UNICORN_UNILEVER_211023_0026',2671),1.0
('UNICORN_UNILEVER_211023_1221',144),1.0
('UNICORN_UNILEVER_211023_1221',2379),6.0
('UNICORN_UNILEVER_211023_1221',2720),4.0
('UNICORN_UNILEVER_211023_1222',144),4.0
('UNICORN_UNILEVER_211023_1223',2720),42.0
('UNICORN_UNILEVER_211023_1224',156),51.0
('UNICORN_UNILEVER_211023_1224',2671),25.0
('UNICORN_UNILEVER_211023_1225',156),76.0
('UNICORN_UNILEVER_211023_1226',156),249.0
('UNICORN_UNILEVER_211023_1226',3004),1.0
('UNICORN_UNILEVER_211123_2746',2671),9.0
('UNICORN_UNILEVER_211123_2746',2720),36.0
('UNICORN_UNILEVER_220124_5397',156),25.0
('UNICORN_UNILEVER_220124_5398',156),4.0
('UNICORN_UNILEVER_220124_5399',156),55.0
('UNICORN_UNILEVER_220124_6504',144),1764.0
('UNICORN_UNILEVER_220124_6504',156),1440.0
('UNICORN_UNILEVER_220124_6504',2671),250.0
('UNICORN_UNILEVER_220124_6504',2720),58.0
('UNICORN_UNILEVER_220224_3025',156),10800.0
('UNICORN_UNILEVER_220224_3025',3004),10720.0
('UNICORN_UNILEVER_220224_3773',156),324.0
('UNICORN_UNILEVER_220224_3773',2671),18.0
('UNICORN_UNILEVER_220224_3773',3004),79.0
('UNICORN_UNILEVER_230124_0647',144),184.0
('UNICORN_UNILEVER_230124_0647',156),423.0
('UNICORN_UNILEVER_230124_0647',2379),51.0
('UNICORN_UNILEVER_230124_0647',2671),36.0
('UNICORN_UNILEVER_230124_0647',2720),22.0
('UNICORN_UNILEVER_230124_0647',3004),67.0
('UNICORN_UNILEVER_230124_0648',156),28.0
('UNICORN_UNILEVER_230923_3493',156),636.0
('UNICORN_UNILEVER_230923_3493',2671),9.0
('UNICORN_UNILEVER_231023_9302',2671),2200.0
('UNICORN_UNILEVER_231023_9302',2720),1.0
('UNICORN_UNILEVER_231023_9303',144),4.0
('UNICORN_UNILEVER_231023_9303',2671),37.0
('UNICORN_UNILEVER_231023_9303',2720),1e-05
('UNICORN_UNILEVER_231023_9305',2379),3.0
('UNICORN_UNILEVER_231023_9305',2671),1e-05
('UNICORN_UNILEVER_231023_9306',144),1.0
('UNICORN_UNILEVER_231123_1090',2379),22.0
('UNICORN_UNILEVER_231123_1090',2720),103.0
('UNICORN_UNILEVER_240224_1020',156),720.0
('UNICORN_UNILEVER_240224_1021',2671),7524.0
('UNICORN_UNILEVER_240224_1021',3004),3294.0
('UNICORN_UNILEVER_240224_4622',144),10800.0
('UNICORN_UNILEVER_240224_4622',156),46800.0
('UNICORN_UNILEVER_240224_4622',2379),5206.0
('UNICORN_UNILEVER_240224_4622',2671),28567.0
('UNICORN_UNILEVER_240224_4622',2720),13627.0
('UNICORN_UNILEVER_240224_4622',3004),12904.0
('UNICORN_UNILEVER_240224_6608',144),702.0
('UNICORN_UNILEVER_240723_0001',144),31.0
('UNICORN_UNILEVER_240723_0001',2379),4.0
('UNICORN_UNILEVER_240723_0001',2720),10.0
('UNICORN_UNILEVER_240723_0002',2671),1512.0
('UNICORN_UNILEVER_240723_0002',2720),4.0
('UNICORN_UNILEVER_240723_0007',2671),216.0
('UNICORN_UNILEVER_240723_0009',144),139.0
('UNICORN_UNILEVER_240723_0011',144),41.0
('UNICORN_UNILEVER_240723_0011',2671),6372.0
('UNICORN_UNILEVER_240723_0011',2720),195.0
('UNICORN_UNILEVER_240823_0003',2720),985.0
('UNICORN_UNILEVER_250124_3695',156),33.0
('UNICORN_UNILEVER_250124_3696',156),49.0
('UNICORN_UNILEVER_250124_4427',144),387.0
('UNICORN_UNILEVER_250124_4427',2671),72.0
('UNICORN_UNILEVER_250124_4427',3004),33.0
('UNICORN_UNILEVER_250224_2589',156),51.0
('UNICORN_UNILEVER_250723_0702',144),2.0
('UNICORN_UNILEVER_250723_0702',156),16.0
('UNICORN_UNILEVER_250723_0702',2379),3.0
('UNICORN_UNILEVER_250723_0702',2720),1.0
('UNICORN_UNILEVER_250723_0703',2671),1.0
('UNICORN_UNILEVER_250723_0709',2379),634.0
('UNICORN_UNILEVER_250723_0712',156),508.0
('UNICORN_UNILEVER_250723_1126',144),1.0
('UNICORN_UNILEVER_250723_1126',156),88.0
('UNICORN_UNILEVER_250723_1126',2379),4.0
('UNICORN_UNILEVER_250723_1126',2671),4.0
('UNICORN_UNILEVER_250723_1128',2379),1.0
('UNICORN_UNILEVER_250723_1130',156),312.0
('UNICORN_UNILEVER_250723_1130',2671),2.0
('UNICORN_UNILEVER_250723_1130',2720),1.0
('UNICORN_UNILEVER_250723_1132',156),51.0
('UNICORN_UNILEVER_250723_9944',144),1.0
('UNICORN_UNILEVER_250723_9946',144),36.0
('UNICORN_UNILEVER_250723_9948',144),1.0
('UNICORN_UNILEVER_250723_9949',144),1e-05
('UNICORN_UNILEVER_250923_1994',2720),1.0
('UNICORN_UNILEVER_251123_1009',144),190.0
('UNICORN_UNILEVER_251123_1009',156),1176.0
('UNICORN_UNILEVER_260723_0001',2720),99.0
('UNICORN_UNILEVER_260723_0002',144),511.0
('UNICORN_UNILEVER_260723_0002',156),807.0
('UNICORN_UNILEVER_260723_0002',2671),90.0
('UNICORN_UNILEVER_260723_0003',144),148.0
('UNICORN_UNILEVER_260723_0003',2379),310.0
('UNICORN_UNILEVER_260723_0003',2671),1296.0
('UNICORN_UNILEVER_260723_0003',2720),1908.0
('UNICORN_UNILEVER_260823_0003',2379),352.0
('UNICORN_UNILEVER_260823_0003',2671),37.0
('UNICORN_UNILEVER_260823_0003',2720),2.0
('UNICORN_UNILEVER_260823_0004',2671),669.0
('UNICORN_UNILEVER_260823_0005',2671),256.0
('UNICORN_UNILEVER_261023_1002',156),3.0
('UNICORN_UNILEVER_261023_1003',2671),4.0
('UNICORN_UNILEVER_261023_1979',2671),3.0
('UNICORN_UNILEVER_261023_1979',2720),3.0
('UNICORN_UNILEVER_261023_1981',2720),1.0
('UNICORN_UNILEVER_261223_7516',156),90466.0
('UNICORN_UNILEVER_261223_7516',2720),4464.0
('UNICORN_UNILEVER_261223_7517',144),252.0
('UNICORN_UNILEVER_261223_7517',2379),9.0
('UNICORN_UNILEVER_261223_7517',2671),108.0
('UNICORN_UNILEVER_261223_7517',2720),1.0
('UNICORN_UNILEVER_261223_7518',144),1.0
('UNICORN_UNILEVER_261223_7518',2720),75.0
('UNICORN_UNILEVER_261223_9379',144),432.0
('UNICORN_UNILEVER_261223_9379',156),612.0
('UNICORN_UNILEVER_261223_9379',2379),108.0
('UNICORN_UNILEVER_261223_9379',2671),153.0
('UNICORN_UNILEVER_261223_9379',2720),24.0
('UNICORN_UNILEVER_270124_3768',144),100.0
('UNICORN_UNILEVER_270124_3768',156),2700.0
('UNICORN_UNILEVER_270124_3768',2671),10.0
('UNICORN_UNILEVER_270124_3769',2379),21.0
('UNICORN_UNILEVER_270124_3769',3004),19.0
('UNICORN_UNILEVER_270124_3770',2379),57.0
('UNICORN_UNILEVER_270124_3770',3004),40.0
('UNICORN_UNILEVER_270224_2311',3004),1117.0
('UNICORN_UNILEVER_270224_2312',2720),40.0
('UNICORN_UNILEVER_270224_2313',2720),109.0
('UNICORN_UNILEVER_270224_2313',3004),124.0
('UNICORN_UNILEVER_270224_7110',3004),1044.0
('UNICORN_UNILEVER_270224_7111',156),121.0
('UNICORN_UNILEVER_270224_8349',2379),45.0
('UNICORN_UNILEVER_270224_8350',144),1836.0
('UNICORN_UNILEVER_270224_8350',156),9.0
('UNICORN_UNILEVER_270224_8350',2379),540.0
('UNICORN_UNILEVER_270224_8350',2671),1257.0
('UNICORN_UNILEVER_270224_8350',3004),3441.0
('UNICORN_UNILEVER_270923_1020',156),213.0
('UNICORN_UNILEVER_270923_1021',144),148.0
('UNICORN_UNILEVER_270923_1021',2671),12.0
('UNICORN_UNILEVER_270923_1021',2720),10.0
('UNICORN_UNILEVER_270923_1022',156),51.0
('UNICORN_UNILEVER_270923_1022',2379),39.0
('UNICORN_UNILEVER_270923_1022',2671),39.0
('UNICORN_UNILEVER_270923_1022',2720),19.0
('UNICORN_UNILEVER_271123_2700',144),993.0
('UNICORN_UNILEVER_271123_2700',2379),144.0
('UNICORN_UNILEVER_271123_2700',2671),54.0
('UNICORN_UNILEVER_271123_5332',144),37.0
('UNICORN_UNILEVER_271123_5332',2720),3.0
('UNICORN_UNILEVER_280124_0020',144),208.0
('UNICORN_UNILEVER_280124_0020',156),141.0
('UNICORN_UNILEVER_280124_0020',2379),31.0
('UNICORN_UNILEVER_280124_0020',2671),72.0
('UNICORN_UNILEVER_280124_0020',2720),48.0
('UNICORN_UNILEVER_280124_0020',3004),16.0
('UNICORN_UNILEVER_280124_0021',144),76.0
('UNICORN_UNILEVER_280124_0023',144),11466.0
('UNICORN_UNILEVER_280124_0023',156),26401.0
('UNICORN_UNILEVER_280124_1456',144),59173.0
('UNICORN_UNILEVER_280124_1456',156),116832.0
('UNICORN_UNILEVER_280124_1456',2379),591.0
('UNICORN_UNILEVER_280124_1456',2671),43554.0
('UNICORN_UNILEVER_280124_1456',2720),26124.0
('UNICORN_UNILEVER_280124_1456',3004),22225.0
('UNICORN_UNILEVER_280124_2558',144),58.0
('UNICORN_UNILEVER_280124_2558',2379),31.0
('UNICORN_UNILEVER_280124_2558',2671),24.0
('UNICORN_UNILEVER_280124_2558',2720),9.0
('UNICORN_UNILEVER_280124_2559',144),636.0
('UNICORN_UNILEVER_280124_2559',156),417.0
('UNICORN_UNILEVER_280124_2559',2379),166.0
('UNICORN_UNILEVER_280124_2559',2671),649.0
('UNICORN_UNILEVER_280124_2559',2720),97.0
('UNICORN_UNILEVER_280124_2559',3004),286.0
('UNICORN_UNILEVER_280124_2560',144),143658.0
('UNICORN_UNILEVER_280124_2560',156),247434.0
('UNICORN_UNILEVER_280124_2560',2379),53223.0
('UNICORN_UNILEVER_280124_2560',2671),59680.0
('UNICORN_UNILEVER_280124_2560',2720),50845.0
('UNICORN_UNILEVER_280124_2560',3004),35166.0
('UNICORN_UNILEVER_280124_2561',144),13315.0
('UNICORN_UNILEVER_280124_2561',2379),16.0
('UNICORN_UNILEVER_280124_2561',2671),10791.0
('UNICORN_UNILEVER_280124_2561',3004),1561.0
('UNICORN_UNILEVER_280124_2562',144),157.0
('UNICORN_UNILEVER_280124_2562',2379),19.0
('UNICORN_UNILEVER_280124_2562',2671),51.0
('UNICORN_UNILEVER_280124_2562',2720),3.0
('UNICORN_UNILEVER_280124_2562',3004),34.0
('UNICORN_UNILEVER_280124_2563',144),84.0
('UNICORN_UNILEVER_280124_2563',2379),4.0
('UNICORN_UNILEVER_280124_2563',2671),37.0
('UNICORN_UNILEVER_280124_2563',2720),18.0
('UNICORN_UNILEVER_280124_2563',3004),58.0
('UNICORN_UNILEVER_280124_2564',144),1.0
('UNICORN_UNILEVER_280124_2564',156),8310.0
('UNICORN_UNILEVER_280224_2024',2671),739.0
('UNICORN_UNILEVER_280224_7455',2671),1011.0
('UNICORN_UNILEVER_280723_2000',144),12.0
('UNICORN_UNILEVER_280723_2000',2671),1e-05
('UNICORN_UNILEVER_280723_2001',144),51.0
('UNICORN_UNILEVER_280723_2002',2379),1.0
('UNICORN_UNILEVER_280723_2002',2671),3.0
('UNICORN_UNILEVER_280723_2003',144),16.0
('UNICORN_UNILEVER_280723_2004',2671),1.0
('UNICORN_UNILEVER_280823_0022',2720),837.0
('UNICORN_UNILEVER_280823_0777',144),28.0
('UNICORN_UNILEVER_281023_5157',144),49.0
('UNICORN_UNILEVER_281023_5157',156),1.0
('UNICORN_UNILEVER_281023_5157',2671),18.0
('UNICORN_UNILEVER_281023_5158',144),31.0
('UNICORN_UNILEVER_281023_5158',2671),10.0
('UNICORN_UNILEVER_281123_1002',2671),16.0
('UNICORN_UNILEVER_281123_1003',144),324.0
('UNICORN_UNILEVER_281123_1003',2379),157.0
('UNICORN_UNILEVER_281123_1003',2671),37.0
('UNICORN_UNILEVER_281123_1004',144),60.0
('UNICORN_UNILEVER_281223_7452',2671),1e-05
('UNICORN_UNILEVER_281223_7453',156),25.0
('UNICORN_UNILEVER_281223_7453',2720),10.0
('UNICORN_UNILEVER_281223_7454',144),144.0
('UNICORN_UNILEVER_281223_7454',2720),144.0
('UNICORN_UNILEVER_290124_3940',144),27.0
('UNICORN_UNILEVER_290124_3940',156),73.0
('UNICORN_UNILEVER_290124_3941',144),10.0
('UNICORN_UNILEVER_290124_3941',156),31.0
('UNICORN_UNILEVER_291023_0021',144),15.0
('UNICORN_UNILEVER_291023_0021',156),198.0
('UNICORN_UNILEVER_300124_3659',144),8383.0
('UNICORN_UNILEVER_300124_3659',156),19996.0
('UNICORN_UNILEVER_300124_3659',2379),3909.0
('UNICORN_UNILEVER_300124_3659',2671),9886.0
('UNICORN_UNILEVER_300124_3659',2720),6228.0
('UNICORN_UNILEVER_300124_3659',3004),456.0
('UNICORN_UNILEVER_300124_4725',144),3234.0
('UNICORN_UNILEVER_300124_4725',156),2239.0
('UNICORN_UNILEVER_300124_4725',2379),465.0
('UNICORN_UNILEVER_300124_4725',2671),1041.0
('UNICORN_UNILEVER_300124_4725',2720),796.0
('UNICORN_UNILEVER_300124_4725',3004),66.0
('UNICORN_UNILEVER_300124_5936',144),49.0
('UNICORN_UNILEVER_300124_5936',2671),10.0
('UNICORN_UNILEVER_300124_5936',3004),13.0
('UNICORN_UNILEVER_300723_0001',2379),5428.0
('UNICORN_UNILEVER_300723_0001',2671),147.0
('UNICORN_UNILEVER_300723_0002',144),2.0
('UNICORN_UNILEVER_300723_0004',144),6.0
('UNICORN_UNILEVER_300723_0005',156),90.0
('UNICORN_UNILEVER_300723_0005',2379),31.0
('UNICORN_UNILEVER_300723_0005',2671),133.0
('UNICORN_UNILEVER_300723_0005',2720),49.0
('UNICORN_UNILEVER_300723_0006',156),115.0
('UNICORN_UNILEVER_300723_0006',2379),9.0
('UNICORN_UNILEVER_300723_0006',2671),64.0
('UNICORN_UNILEVER_300723_0006',2720),40.0
('UNICORN_UNILEVER_300823_1093',144),8.0
('UNICORN_UNILEVER_300823_1094',144),4.0
('UNICORN_UNILEVER_300823_1094',2379),3.0
('UNICORN_UNILEVER_300823_1094',2671),40.0
('UNICORN_UNILEVER_300923_0033',144),4.0
('UNICORN_UNILEVER_300923_0033',2720),16.0
('UNICORN_UNILEVER_300923_0990',156),6.0
('UNICORN_UNILEVER_300923_1003',2379),1.0
('UNICORN_UNILEVER_300923_1003',2671),27.0
('UNICORN_UNILEVER_300923_1080',144),54.0
('UNICORN_UNILEVER_300923_1080',156),226.0
('UNICORN_UNILEVER_301023_0101',2671),82.0
('UNICORN_UNILEVER_310723_0008',156),306.0
('UNICORN_UNILEVER_310723_0008',2379),6.0
('UNICORN_UNILEVER_310723_0008',2671),1.0
('UNICORN_UNILEVER_310723_0008',2720),78.0
('UNICORN_UNILEVER_310723_0008',3004),51.0
('UNICORN_UNILEVER_310723_0009',2671),3.0
('UNICORN_UNILEVER_310723_0009',2720),184.0
('UNICORN_UNILEVER_310723_0011',156),34.0
('UNICORN_UNILEVER_310823_1002',144),15.0
('UNICORN_UNILEVER_310823_8758',144),1.0
('UNICORN_UNILEVER_310823_8758',2671),607.0
('UNICORN_UNILEVER_310823_8758',2720),1.0
('UNICORN_UNILEVER_311023_6699',144),3.0
('UNICORN_UNILEVER_311023_8133',2720),9.0
('UNICORN_UNILEVE_270124_5937',144),25.0
('UNICORN_UNILEVE_270124_5937',156),556.0
('UNICORN_UNILEVE_270124_5937',2671),13.0
('UNICORN_UNILIEVER_180923_0101',2671),49.0
('UNICORN_UNILIEVER_180923_0101',2720),21.0
('UNICORN_UNILIVER_250923_7965',2720),54.0
